model,material,numSamples,algorithm,metric,n_neighbors,weights,Accuracy,F1,Precision,Recall,AUC,mean_fit_time,std_fit_time,mean_score_time,std_score_time
KNearestNeighbors,iron,120,auto,minkowski,3,uniform,0.9935609463911351,0.9935609463911351,0.9935609463911351,0.9935609463911351,0.9986576859740218,0.11137337684631347,0.00683334420671935,10.44653673171997,0.09534902023803153
KNearestNeighbors,iron,120,auto,minkowski,3,distance,0.9952081461515425,0.9952081461515425,0.9952081461515425,0.9952081461515425,0.998683225478276,0.11667242050170898,0.009762229021158662,10.653558492660522,0.125333372957792
KNearestNeighbors,iron,120,auto,minkowski,6,uniform,0.9880503144654089,0.9880503144654089,0.9880503144654089,0.9880503144654089,0.9990231017117346,0.1066516399383545,0.006330028050076758,10.476756286621093,0.09336278817407906
KNearestNeighbors,iron,120,auto,minkowski,6,distance,0.9938903863432167,0.9938903863432167,0.9938903863432167,0.9938903863432167,0.9991260688518316,0.11489682197570801,0.023673802280210793,10.96694836616516,0.21417076060608584
KNearestNeighbors,iron,120,auto,minkowski,9,uniform,0.9829889188379755,0.9829889188379755,0.9829889188379755,0.9829889188379755,0.9990398218709624,0.12910375595092774,0.04378832886671384,10.949717664718628,0.07932705219085287
KNearestNeighbors,iron,120,auto,minkowski,9,distance,0.9915543575920933,0.9915543575920933,0.9915543575920933,0.9915543575920933,0.9993036155950621,0.133302640914917,0.043641094720404304,11.024138975143433,0.07335495375434757
KNearestNeighbors,iron,120,auto,minkowski,12,uniform,0.978796046720575,0.978796046720575,0.978796046720575,0.978796046720575,0.998960978121872,0.1326152801513672,0.02768332029870248,11.26784725189209,0.24509803370075303
KNearestNeighbors,iron,120,auto,minkowski,12,distance,0.990356394129979,0.990356394129979,0.990356394129979,0.990356394129979,0.9994631344722595,0.14920239448547362,0.025789404791550327,11.497891998291015,0.0620925729642463
KNearestNeighbors,iron,120,auto,minkowski,15,uniform,0.9725067385444743,0.9725067385444743,0.9725067385444743,0.9725067385444743,0.9988715288884485,0.11740851402282715,0.012753007096828561,11.346681499481202,0.10168163064350011
KNearestNeighbors,iron,120,auto,minkowski,15,distance,0.9882599580712788,0.9882599580712788,0.9882599580712788,0.9882599580712788,0.9996152229628132,0.1390223979949951,0.022074001975242098,11.663136196136474,0.16617876810430832
KNearestNeighbors,iron,120,auto,minkowski,18,uniform,0.9678047319556752,0.9678047319556752,0.9678047319556752,0.9678047319556752,0.998631396774363,0.14406971931457518,0.02744939192857725,11.731199550628663,0.04508284989462779
KNearestNeighbors,iron,120,auto,minkowski,18,distance,0.9864630128781071,0.9864630128781071,0.9864630128781071,0.9864630128781071,0.999636391649583,0.12478070259094239,0.04254464012414724,11.808654928207398,0.11065377765241106
KNearestNeighbors,iron,120,auto,minkowski,21,uniform,0.9647798742138365,0.9647798742138365,0.9647798742138365,0.9647798742138365,0.9983664757744333,0.1391061782836914,0.03076648544568288,11.646579790115357,0.13402545881906353
KNearestNeighbors,iron,120,auto,minkowski,21,distance,0.9844564240790655,0.9844564240790655,0.9844564240790655,0.9844564240790655,0.9996229078057993,0.11124753952026367,0.014027605051734659,11.882164812088012,0.12534732241359545
KNearestNeighbors,iron,120,auto,minkowski,24,uniform,0.9622042527702905,0.9622042527702905,0.9622042527702905,0.9622042527702905,0.9981111462843341,0.1514291763305664,0.018060809268300858,11.717458820343017,0.06664932679071528
KNearestNeighbors,iron,120,auto,minkowski,24,distance,0.9832584606169512,0.9832584606169512,0.9832584606169512,0.9832584606169512,0.9996229663154461,0.1456514835357666,0.017247430427426443,11.958427476882935,0.054386367175447405
KNearestNeighbors,iron,120,auto,minkowski,27,uniform,0.9598981731057205,0.9598981731057205,0.9598981731057205,0.9598981731057205,0.9978002202414122,0.1360234260559082,0.026834409561486153,12.171306228637695,0.09621556499746231
KNearestNeighbors,iron,120,auto,minkowski,27,distance,0.9817310572027553,0.9817310572027553,0.9817310572027553,0.9817310572027553,0.9996044090762558,0.12578659057617186,0.010649436793689845,12.248864841461181,0.08079898130602606
KNearestNeighbors,iron,120,auto,minkowski,30,uniform,0.9555555555555555,0.9555555555555555,0.9555555555555555,0.9555555555555555,0.9974786757997072,0.14087138175964356,0.03402226824497307,12.097881889343261,0.16943794503023576
KNearestNeighbors,iron,120,auto,minkowski,30,distance,0.980263551961665,0.980263551961665,0.980263551961665,0.980263551961665,0.999586238356371,0.13537726402282715,0.015607987188618463,11.878862524032593,0.29996639589193785
KNearestNeighbors,iron,120,auto,euclidean,3,uniform,0.9935609463911351,0.9935609463911351,0.9935609463911351,0.9935609463911351,0.9986576859740218,0.1891002655029297,0.04919629714196065,12.742288398742676,0.17508251991450036
KNearestNeighbors,iron,120,auto,euclidean,3,distance,0.9952081461515425,0.9952081461515425,0.9952081461515425,0.9952081461515425,0.998683225478276,0.12784051895141602,0.023690941218192808,11.521248865127564,0.11335575264283491
KNearestNeighbors,iron,120,auto,euclidean,6,uniform,0.9880503144654089,0.9880503144654089,0.9880503144654089,0.9880503144654089,0.9990231017117346,0.14318594932556153,0.021114943502973903,13.179640245437621,0.28522021811628756
KNearestNeighbors,iron,120,auto,euclidean,6,distance,0.9938903863432167,0.9938903863432167,0.9938903863432167,0.9938903863432167,0.9991260688518316,0.1362778663635254,0.01820238238913655,11.569989728927613,0.09402686021425781
KNearestNeighbors,iron,120,auto,euclidean,9,uniform,0.9829889188379755,0.9829889188379755,0.9829889188379755,0.9829889188379755,0.9990398218709624,0.14351673126220704,0.024225296305834195,12.942793798446655,0.4151710193949418
KNearestNeighbors,iron,120,auto,euclidean,9,distance,0.9915543575920933,0.9915543575920933,0.9915543575920933,0.9915543575920933,0.9993036155950621,0.15915751457214355,0.021908114914512684,11.592946767807007,0.12801550557680555
KNearestNeighbors,iron,120,auto,euclidean,12,uniform,0.978796046720575,0.978796046720575,0.978796046720575,0.978796046720575,0.998960978121872,0.14764490127563476,0.01691847977919798,13.466057300567627,0.35827685081908356
KNearestNeighbors,iron,120,auto,euclidean,12,distance,0.990356394129979,0.990356394129979,0.990356394129979,0.990356394129979,0.9994631344722595,0.14724478721618653,0.02292074704749361,11.943311548233032,0.2582635390924202
KNearestNeighbors,iron,120,auto,euclidean,15,uniform,0.9725067385444743,0.9725067385444743,0.9725067385444743,0.9725067385444743,0.9988715288884485,0.16852164268493652,0.0297120067275742,13.551506423950196,0.3616084421887518
KNearestNeighbors,iron,120,auto,euclidean,15,distance,0.9882599580712788,0.9882599580712788,0.9882599580712788,0.9882599580712788,0.9996152229628132,0.15916590690612792,0.018419265049861987,11.879203605651856,0.08051827040868641
KNearestNeighbors,iron,120,auto,euclidean,18,uniform,0.9678047319556752,0.9678047319556752,0.9678047319556752,0.9678047319556752,0.998631396774363,0.15108437538146974,0.018387775524384448,13.398921060562134,0.255246308057907
KNearestNeighbors,iron,120,auto,euclidean,18,distance,0.9864630128781071,0.9864630128781071,0.9864630128781071,0.9864630128781071,0.999636391649583,0.1504906177520752,0.042377510476785896,12.079085302352905,0.08645314080982949
KNearestNeighbors,iron,120,auto,euclidean,21,uniform,0.9647798742138365,0.9647798742138365,0.9647798742138365,0.9647798742138365,0.9983664757744333,0.14584455490112305,0.0265606330824561,14.04735426902771,0.3770706949139483
KNearestNeighbors,iron,120,auto,euclidean,21,distance,0.9844564240790655,0.9844564240790655,0.9844564240790655,0.9844564240790655,0.9996229078057993,0.14834170341491698,0.022554371636901997,12.22646746635437,0.09755714947546787
KNearestNeighbors,iron,120,auto,euclidean,24,uniform,0.9622042527702905,0.9622042527702905,0.9622042527702905,0.9622042527702905,0.9981111462843341,0.15990109443664552,0.03463563073890909,14.201592111587525,0.3664009965603738
KNearestNeighbors,iron,120,auto,euclidean,24,distance,0.9832584606169512,0.9832584606169512,0.9832584606169512,0.9832584606169512,0.9996229663154461,0.15737900733947754,0.016966922513360023,12.478844118118285,0.15164769361250718
KNearestNeighbors,iron,120,auto,euclidean,27,uniform,0.9598981731057205,0.9598981731057205,0.9598981731057205,0.9598981731057205,0.9978002202414122,0.16127510070800782,0.04732691187595391,14.111806678771973,0.2312244277083233
KNearestNeighbors,iron,120,auto,euclidean,27,distance,0.9817310572027553,0.9817310572027553,0.9817310572027553,0.9817310572027553,0.9996044090762558,0.16624221801757813,0.00799077401316693,12.649086618423462,0.22589431088573353
KNearestNeighbors,iron,120,auto,euclidean,30,uniform,0.9555555555555555,0.9555555555555555,0.9555555555555555,0.9555555555555555,0.9974786757997072,0.14735689163208007,0.028585406176236745,20.384342002868653,3.1285908280285666
KNearestNeighbors,iron,120,auto,euclidean,30,distance,0.980263551961665,0.980263551961665,0.980263551961665,0.980263551961665,0.999586238356371,0.15192084312438964,0.022577309849846197,23.449955654144286,1.0325410970611206
KNearestNeighbors,iron,120,auto,manhattan,3,uniform,,,,,,0.15840210914611816,0.04565360220656571,0.18819336891174315,0.12105533930001913
KNearestNeighbors,iron,120,auto,manhattan,3,distance,0.9988619347109914,0.9988619347109914,0.9988619347109914,0.9988619347109914,0.9998494257240844,0.14424800872802734,0.0519935065577051,32.49953379631042,0.1876145340739022
KNearestNeighbors,iron,120,auto,manhattan,6,uniform,,,,,,0.23598504066467285,0.013958338036825025,0.12249784469604492,0.12438501158966864
KNearestNeighbors,iron,120,auto,manhattan,6,distance,0.9983228511530399,0.9983228511530399,0.9983228511530399,0.9983228511530399,0.9998845408839026,0.19924626350402833,0.06460218918666254,38.540042114257815,3.195666401589604
KNearestNeighbors,iron,120,auto,manhattan,9,uniform,,,,,,0.16902194023132325,0.12225484408586548,0.30476694107055663,0.11757594467357753
KNearestNeighbors,iron,120,auto,manhattan,9,distance,0.9973944294699011,0.9973944294699011,0.9973944294699011,0.9973944294699011,0.9998987992630546,0.264454984664917,0.09111201498188812,42.564343976974484,0.20899593229883637
KNearestNeighbors,iron,120,auto,manhattan,12,uniform,,,,,,0.3343671798706055,0.08560030650588203,0.12374534606933593,0.1371300084016481
KNearestNeighbors,iron,120,auto,manhattan,12,distance,0.9971248876909253,0.9971248876909253,0.9971248876909253,0.9971248876909253,0.9999120607195309,0.25569710731506345,0.08551372734644783,43.01768217086792,0.22582754983770417
KNearestNeighbors,iron,120,auto,manhattan,15,uniform,,,,,,0.35859217643737795,0.05923670043845153,0.12199301719665527,0.08491264156484463
KNearestNeighbors,iron,120,auto,manhattan,15,distance,0.996166516921234,0.996166516921234,0.996166516921234,0.996166516921234,0.9999602962772325,0.2585165977478027,0.12518020799927235,42.86370959281921,0.15302225786193432
KNearestNeighbors,iron,120,auto,manhattan,18,uniform,,,,,,0.31151280403137205,0.1009295593542699,0.16935968399047852,0.12858867651514347
KNearestNeighbors,iron,120,auto,manhattan,18,distance,0.9952081461515425,0.9952081461515425,0.9952081461515425,0.9952081461515425,0.9999537520006665,0.22064828872680664,0.07224561379235926,43.30045399665833,0.22581207322012947
KNearestNeighbors,iron,120,auto,manhattan,21,uniform,,,,,,0.3383814811706543,0.08171528620063863,0.2212063789367676,0.1668322021497471
KNearestNeighbors,iron,120,auto,manhattan,21,distance,0.9941000299490866,0.9941000299490866,0.9941000299490866,0.9941000299490866,0.999962548032633,0.28188486099243165,0.11463825430893397,42.98677020072937,0.30216972610609966
KNearestNeighbors,iron,120,auto,manhattan,24,uniform,,,,,,0.31695332527160647,0.11754039427721928,0.16649794578552246,0.16596219763841202
KNearestNeighbors,iron,120,auto,manhattan,24,distance,0.9927223719676549,0.9927223719676549,0.9927223719676549,0.9927223719676549,0.9999498495491876,0.38516783714294434,0.06098478494430967,43.332452821731565,0.5195651618674352
KNearestNeighbors,iron,120,auto,manhattan,27,uniform,,,,,,0.3420872688293457,0.0569114561346681,0.17939996719360352,0.15179566502360703
KNearestNeighbors,iron,120,auto,manhattan,27,distance,0.9915843066786463,0.9915843066786463,0.9915843066786463,0.9915843066786463,0.9999359319445601,0.29804344177246095,0.10788205332779745,47.94299712181091,0.43615438740295637
KNearestNeighbors,iron,120,auto,manhattan,30,uniform,,,,,,0.28389773368835447,0.07390951341105062,0.38730654716491697,0.2169282249800966
KNearestNeighbors,iron,120,auto,manhattan,30,distance,0.990805630428272,0.990805630428272,0.990805630428272,0.990805630428272,0.9999218221671933,0.3009799003601074,0.07505802674559693,50.162368059158325,0.851588308101808
KNearestNeighbors,iron,120,auto,chebyshev,3,uniform,,,,,,0.28579072952270507,0.09492183991584091,0.27303438186645507,0.08563958110831858
KNearestNeighbors,iron,120,auto,chebyshev,3,distance,0.9898472596585803,0.9898472596585803,0.9898472596585803,0.9898472596585803,0.997054091051071,0.26035404205322266,0.0682640323947969,64.4113256931305,0.4195717098475756
KNearestNeighbors,iron,120,auto,chebyshev,6,uniform,,,,,,0.37815399169921876,0.13245626048321893,0.20635271072387695,0.13178667560755344
KNearestNeighbors,iron,120,auto,chebyshev,6,distance,0.9877807726864329,0.9877807726864329,0.9877807726864329,0.9877807726864329,0.9978003815266451,0.3650067329406738,0.10710104701255772,70.02711877822875,1.885682395469141
KNearestNeighbors,iron,120,auto,chebyshev,9,uniform,,,,,,0.355184268951416,0.11754073394744763,0.3347189903259277,0.18144765081435268
KNearestNeighbors,iron,120,auto,chebyshev,9,distance,0.9843066786463013,0.9843066786463013,0.9843066786463013,0.9843066786463013,0.9983736045724765,0.4487657070159912,0.10372779594764048,71.53889107704163,0.36681584664725225
KNearestNeighbors,iron,120,auto,chebyshev,12,uniform,,,,,,0.43099217414855956,0.13472809310606199,0.39867711067199707,0.2523208724437641
KNearestNeighbors,iron,120,auto,chebyshev,12,distance,0.9809823300389338,0.9809823300389338,0.9809823300389338,0.9809823300389338,0.9985589413527233,0.2664470195770264,0.12011784164248064,71.9297658443451,0.5132638783781888
KNearestNeighbors,iron,120,auto,chebyshev,15,uniform,,,,,,0.37232041358947754,0.1497262265829466,0.4655259609222412,0.2673833279510879
KNearestNeighbors,iron,120,auto,chebyshev,15,distance,0.979005690326445,0.979005690326445,0.979005690326445,0.979005690326445,0.9987566939629628,0.2741219520568848,0.09812510638938662,71.93848323822021,0.6625147726582873
KNearestNeighbors,iron,120,auto,chebyshev,18,uniform,,,,,,0.32454586029052734,0.12834655188555394,0.45056490898132323,0.17406862377076002
KNearestNeighbors,iron,120,auto,chebyshev,18,distance,0.9770290506139563,0.9770290506139563,0.9770290506139563,0.9770290506139563,0.9988063620111276,0.2466498374938965,0.11781904178553289,72.74025311470032,0.31162335251638834
KNearestNeighbors,iron,120,auto,chebyshev,21,uniform,,,,,,0.3347953796386719,0.12180665591933695,0.39125523567199705,0.31747191704757377
KNearestNeighbors,iron,120,auto,chebyshev,21,distance,0.975411799940102,0.975411799940102,0.975411799940102,0.975411799940102,0.9987957068794191,0.31165852546691897,0.0622317913974734,72.64700560569763,0.45574300934893164
KNearestNeighbors,iron,120,auto,chebyshev,24,uniform,,,,,,0.48574118614196776,0.12869434398295188,0.05757713317871094,0.07555771048245222
KNearestNeighbors,iron,120,auto,chebyshev,24,distance,0.9737646001796945,0.9737646001796945,0.9737646001796945,0.9737646001796945,0.9988030566781381,0.432636022567749,0.06447917698765959,71.09911007881165,1.642928827014444
KNearestNeighbors,iron,120,auto,chebyshev,27,uniform,,,,,,0.4438174247741699,0.1307987893629975,0.17691097259521485,0.1288186587198599
KNearestNeighbors,iron,120,auto,chebyshev,27,distance,0.9716082659478886,0.9716082659478886,0.9716082659478886,0.9716082659478886,0.998793860765038,0.3165478229522705,0.1788222192947737,67.65224351882935,0.6055080540607071
KNearestNeighbors,iron,120,auto,chebyshev,30,uniform,,,,,,0.3968057632446289,0.11578405648785486,0.3629622459411621,0.2590037966784496
KNearestNeighbors,iron,120,auto,chebyshev,30,distance,0.9694519317160827,0.9694519317160827,0.9694519317160827,0.9694519317160827,0.998829474363324,0.2844193935394287,0.13039844294502095,58.434318494796756,3.8909604527692587
KNearestNeighbors,iron,120,ball_tree,minkowski,3,uniform,0.9935609463911351,0.9935609463911351,0.9935609463911351,0.9935609463911351,0.9986576859740218,2.6045462131500243,0.8028487000427524,70.38399157524108,10.288465747008841
KNearestNeighbors,iron,120,ball_tree,minkowski,3,distance,0.9952081461515425,0.9952081461515425,0.9952081461515425,0.9952081461515425,0.9986845010765606,1.623547410964966,0.42625264848445216,64.77566699981689,4.556259532078853
KNearestNeighbors,iron,120,ball_tree,minkowski,6,uniform,0.9880503144654089,0.9880503144654089,0.9880503144654089,0.9880503144654089,0.9990231017117346,1.6107191085815429,0.052744164951312476,73.16187543869019,1.027699374666191
KNearestNeighbors,iron,120,ball_tree,minkowski,6,distance,0.9938903863432167,0.9938903863432167,0.9938903863432167,0.9938903863432167,0.9991284325248904,1.355292558670044,0.06525578758704527,72.10883121490478,0.826626165355234
KNearestNeighbors,iron,120,ball_tree,minkowski,9,uniform,0.9829889188379755,0.9829889188379755,0.9829889188379755,0.9829889188379755,0.9990398218709624,1.4056272029876709,0.035046888292152245,75.11551733016968,1.4742357976900118
KNearestNeighbors,iron,120,ball_tree,minkowski,9,distance,0.9915543575920933,0.9915543575920933,0.9915543575920933,0.9915543575920933,0.9993084478944333,1.4555278778076173,0.05778322465648765,74.33791871070862,1.650233795464088
KNearestNeighbors,iron,120,ball_tree,minkowski,12,uniform,0.978796046720575,0.978796046720575,0.978796046720575,0.978796046720575,0.998960978121872,1.3903588771820068,0.044480701564933146,79.18757071495057,1.8172312820329068
KNearestNeighbors,iron,120,ball_tree,minkowski,12,distance,0.990356394129979,0.990356394129979,0.990356394129979,0.990356394129979,0.9994691201373849,1.474221897125244,0.03651262092892275,76.33320622444153,1.2709449558911585
KNearestNeighbors,iron,120,ball_tree,minkowski,15,uniform,0.9725067385444743,0.9725067385444743,0.9725067385444743,0.9725067385444743,0.9988715288884485,1.3751883029937744,0.04383071042467807,81.11360063552857,2.139113159038523
KNearestNeighbors,iron,120,ball_tree,minkowski,15,distance,0.9882599580712788,0.9882599580712788,0.9882599580712788,0.9882599580712788,0.9996196921185643,1.3765472412109374,0.04029544118781596,79.72996320724488,1.9072294797841631
KNearestNeighbors,iron,120,ball_tree,minkowski,18,uniform,0.9678047319556752,0.9678047319556752,0.9678047319556752,0.9678047319556752,0.998631396774363,1.419541835784912,0.052914588420652914,83.09054026603698,1.2798963687263403
KNearestNeighbors,iron,120,ball_tree,minkowski,18,distance,0.9864630128781071,0.9864630128781071,0.9864630128781071,0.9864630128781071,0.9996401463449758,1.4209511280059814,0.04438089597760956,81.09707732200623,1.2639348589223816
KNearestNeighbors,iron,120,ball_tree,minkowski,21,uniform,0.9647798742138365,0.9647798742138365,0.9647798742138365,0.9647798742138365,0.9983664757744333,1.4095664501190186,0.031005181223364472,84.50815210342407,1.0270529818613923
KNearestNeighbors,iron,120,ball_tree,minkowski,21,distance,0.9844564240790655,0.9844564240790655,0.9844564240790655,0.9844564240790655,0.9996267443688167,1.3602033615112306,0.03272106071000314,83.17178812026978,1.670994020319818
KNearestNeighbors,iron,120,ball_tree,minkowski,24,uniform,0.9622042527702905,0.9622042527702905,0.9622042527702905,0.9622042527702905,0.9981111462843341,1.454523468017578,0.04946731298842451,85.92047748565673,1.5565298879434863
KNearestNeighbors,iron,120,ball_tree,minkowski,24,distance,0.9832584606169512,0.9832584606169512,0.9832584606169512,0.9832584606169512,0.9996262384045936,1.4351173400878907,0.08568554944902887,84.06152095794678,1.384413598731702
KNearestNeighbors,iron,120,ball_tree,minkowski,27,uniform,0.9598981731057205,0.9598981731057205,0.9598981731057205,0.9598981731057205,0.9978002202414122,1.4593027591705323,0.0377731786922338,88.73242053985595,1.5036932553664144
KNearestNeighbors,iron,120,ball_tree,minkowski,27,distance,0.9817310572027553,0.9817310572027553,0.9817310572027553,0.9817310572027553,0.9996071459345013,1.4621689319610596,0.05977645556468342,85.6407024383545,1.879071856517822
KNearestNeighbors,iron,120,ball_tree,minkowski,30,uniform,0.9555555555555555,0.9555555555555555,0.9555555555555555,0.9555555555555555,0.9974786757997072,1.33975830078125,0.03091661326043012,88.39453272819519,0.7669431384235049
KNearestNeighbors,iron,120,ball_tree,minkowski,30,distance,0.980263551961665,0.980263551961665,0.980263551961665,0.980263551961665,0.9995883474754619,1.3975392818450927,0.04201257169642936,87.31618785858154,1.5700887570465984
KNearestNeighbors,iron,120,ball_tree,euclidean,3,uniform,0.9935609463911351,0.9935609463911351,0.9935609463911351,0.9935609463911351,0.9986576859740218,1.4694290161132812,0.05150584388652103,68.93579559326172,1.3459289516908792
KNearestNeighbors,iron,120,ball_tree,euclidean,3,distance,0.9952081461515425,0.9952081461515425,0.9952081461515425,0.9952081461515425,0.9986845010765606,1.4372207164764403,0.05068600602940422,68.34096856117249,2.4391590038654978
KNearestNeighbors,iron,120,ball_tree,euclidean,6,uniform,0.9880503144654089,0.9880503144654089,0.9880503144654089,0.9880503144654089,0.9990231017117346,1.4797909736633301,0.06601568710840604,73.11686539649963,0.8689112640806469
KNearestNeighbors,iron,120,ball_tree,euclidean,6,distance,0.9938903863432167,0.9938903863432167,0.9938903863432167,0.9938903863432167,0.9991284325248904,1.4374616146087646,0.05289607653604941,71.11164174079894,0.6209395685240346
KNearestNeighbors,iron,120,ball_tree,euclidean,9,uniform,0.9829889188379755,0.9829889188379755,0.9829889188379755,0.9829889188379755,0.9990398218709624,1.4489384651184083,0.054463848633928204,75.92666416168213,2.51593651528772
KNearestNeighbors,iron,120,ball_tree,euclidean,9,distance,0.9915543575920933,0.9915543575920933,0.9915543575920933,0.9915543575920933,0.9993084478944333,1.3722849369049073,0.0788667230635543,73.7937695980072,1.2856967298717525
KNearestNeighbors,iron,120,ball_tree,euclidean,12,uniform,0.978796046720575,0.978796046720575,0.978796046720575,0.978796046720575,0.998960978121872,1.396974802017212,0.06068200383553288,78.3354163646698,2.032227432530093
KNearestNeighbors,iron,120,ball_tree,euclidean,12,distance,0.990356394129979,0.990356394129979,0.990356394129979,0.990356394129979,0.9994691201373849,1.4254612445831298,0.06428323063124702,76.41332907676697,1.367220598002453
KNearestNeighbors,iron,120,ball_tree,euclidean,15,uniform,0.9725067385444743,0.9725067385444743,0.9725067385444743,0.9725067385444743,0.9988715288884485,1.3858197689056397,0.09997706574178508,81.01245527267456,1.06466983735161
KNearestNeighbors,iron,120,ball_tree,euclidean,15,distance,0.9882599580712788,0.9882599580712788,0.9882599580712788,0.9882599580712788,0.9996196921185643,1.4199604988098145,0.025452623024629778,79.5631185054779,1.818216494222429
KNearestNeighbors,iron,120,ball_tree,euclidean,18,uniform,0.9678047319556752,0.9678047319556752,0.9678047319556752,0.9678047319556752,0.998631396774363,1.4402859210968018,0.037402818591223144,83.81823906898498,0.47663907500663205
KNearestNeighbors,iron,120,ball_tree,euclidean,18,distance,0.9864630128781071,0.9864630128781071,0.9864630128781071,0.9864630128781071,0.9996401463449758,1.4001862049102782,0.07864270098053369,81.38438220024109,1.594069963825092
KNearestNeighbors,iron,120,ball_tree,euclidean,21,uniform,0.9647798742138365,0.9647798742138365,0.9647798742138365,0.9647798742138365,0.9983664757744333,1.4435335636138915,0.04149036959075788,83.82138357162475,1.4275120371470904
KNearestNeighbors,iron,120,ball_tree,euclidean,21,distance,0.9844564240790655,0.9844564240790655,0.9844564240790655,0.9844564240790655,0.9996267443688167,1.4438422203063965,0.05646422911323926,83.24435410499572,1.7390469284300574
KNearestNeighbors,iron,120,ball_tree,euclidean,24,uniform,0.9622042527702905,0.9622042527702905,0.9622042527702905,0.9622042527702905,0.9981111462843341,1.342642593383789,0.09717873199414373,85.87780151367187,2.0048651844410212
KNearestNeighbors,iron,120,ball_tree,euclidean,24,distance,0.9832584606169512,0.9832584606169512,0.9832584606169512,0.9832584606169512,0.9996262384045936,1.3442153453826904,0.0694114827960615,84.17388195991516,1.4034816341114602
KNearestNeighbors,iron,120,ball_tree,euclidean,27,uniform,0.9598981731057205,0.9598981731057205,0.9598981731057205,0.9598981731057205,0.9978002202414122,1.42805757522583,0.030708605647765737,87.71553907394409,2.1197347228102887
KNearestNeighbors,iron,120,ball_tree,euclidean,27,distance,0.9817310572027553,0.9817310572027553,0.9817310572027553,0.9817310572027553,0.9996071459345013,1.4839783668518067,0.10230763081921247,85.5516125202179,0.6195066704450459
KNearestNeighbors,iron,120,ball_tree,euclidean,30,uniform,0.9555555555555555,0.9555555555555555,0.9555555555555555,0.9555555555555555,0.9974786757997072,1.4367446899414062,0.0751620288039083,89.29309363365174,1.6114891370872895
KNearestNeighbors,iron,120,ball_tree,euclidean,30,distance,0.980263551961665,0.980263551961665,0.980263551961665,0.980263551961665,0.9995883474754619,1.3782430648803712,0.0545102739690559,87.2300341129303,2.206569211578056
KNearestNeighbors,iron,120,ball_tree,manhattan,3,uniform,0.9983228511530398,0.9983228511530398,0.9983228511530398,0.9983228511530398,0.9998466319238748,1.4009927272796632,0.03712816384675578,75.82027230262756,1.1074847083494774
KNearestNeighbors,iron,120,ball_tree,manhattan,3,distance,0.9988619347109914,0.9988619347109914,0.9988619347109914,0.9988619347109914,0.9998494257240844,1.4004472255706788,0.07032906739540888,75.03887557983398,1.6773941633023752
KNearestNeighbors,iron,120,ball_tree,manhattan,6,uniform,0.9960467205750223,0.9960467205750223,0.9960467205750223,0.9960467205750223,0.9998684502421558,1.3958476543426515,0.037064634570066424,80.58402600288392,0.49812435270195593
KNearestNeighbors,iron,120,ball_tree,manhattan,6,distance,0.9983228511530399,0.9983228511530399,0.9983228511530399,0.9983228511530399,0.9998845408839026,1.4552606105804444,0.04640314935496357,78.55509419441223,1.2460231964854802
KNearestNeighbors,iron,120,ball_tree,manhattan,9,uniform,0.9942497753818508,0.9942497753818508,0.9942497753818508,0.9942497753818508,0.9998486196632385,1.3382224559783935,0.035619219624433075,83.4885359287262,1.4247189612097448
KNearestNeighbors,iron,120,ball_tree,manhattan,9,distance,0.9973944294699011,0.9973944294699011,0.9973944294699011,0.9973944294699011,0.9998987992630546,1.4260201454162598,0.08654890568910244,82.54067687988281,1.9056629774862937
KNearestNeighbors,iron,120,ball_tree,manhattan,12,uniform,0.9915244085055406,0.9915244085055406,0.9915244085055406,0.9915244085055406,0.9998071779147054,1.449190616607666,0.0574487861952283,86.67000365257263,1.3480482989144553
KNearestNeighbors,iron,120,ball_tree,manhattan,12,distance,0.9971248876909253,0.9971248876909253,0.9971248876909253,0.9971248876909253,0.9999120607195309,1.4325425624847412,0.07158013256928215,85.86581363677979,0.7717458422390349
KNearestNeighbors,iron,120,ball_tree,manhattan,15,uniform,0.988439652590596,0.988439652590596,0.988439652590596,0.988439652590596,0.9997923909853945,1.4450131893157958,0.04960223947448708,89.35401635169983,1.5435922187398545
KNearestNeighbors,iron,120,ball_tree,manhattan,15,distance,0.996166516921234,0.996166516921234,0.996166516921234,0.996166516921234,0.9999602962772325,1.412385606765747,0.044051010721164414,87.82845454216003,1.1171955871165888
KNearestNeighbors,iron,120,ball_tree,manhattan,18,uniform,0.9855645402815215,0.9855645402815215,0.9855645402815215,0.9855645402815215,0.9997189107774277,1.462353277206421,0.15079233992698227,92.65690727233887,1.5058176002524437
KNearestNeighbors,iron,120,ball_tree,manhattan,18,distance,0.9952081461515425,0.9952081461515425,0.9952081461515425,0.9952081461515425,0.9999537520006665,1.4717067241668702,0.049112101987945994,91.1593189239502,1.7258278815486332
KNearestNeighbors,iron,120,ball_tree,manhattan,21,uniform,0.9825995807127883,0.9825995807127883,0.9825995807127883,0.9825995807127883,0.9996491983516591,1.3678240299224853,0.058444472199538244,95.24542093276978,0.8571060641189655
KNearestNeighbors,iron,120,ball_tree,manhattan,21,distance,0.9941000299490866,0.9941000299490866,0.9941000299490866,0.9941000299490866,0.999962548032633,1.4788807868957519,0.058838236138786804,92.39597973823547,0.9338259245309802
KNearestNeighbors,iron,120,ball_tree,manhattan,24,uniform,0.9811320754716981,0.9811320754716981,0.9811320754716981,0.9811320754716981,0.9995225230433293,1.4170591354370117,0.06576110122459769,95.9637966632843,1.2682382279366222
KNearestNeighbors,iron,120,ball_tree,manhattan,24,distance,0.9927223719676549,0.9927223719676549,0.9927223719676549,0.9927223719676549,0.9999498495491876,1.433952808380127,0.10935409610649623,95.00414552688599,1.3547403009315215
KNearestNeighbors,iron,120,ball_tree,manhattan,27,uniform,0.9786463012878107,0.9786463012878107,0.9786463012878107,0.9786463012878107,0.9993796321216086,1.5572871685028076,0.14169893329517133,97.41676979064941,0.7831101553168304
KNearestNeighbors,iron,120,ball_tree,manhattan,27,distance,0.9915843066786463,0.9915843066786463,0.9915843066786463,0.9915843066786463,0.9999359319445601,1.4730448722839355,0.0690081688729032,95.59874591827392,1.696744410068086
KNearestNeighbors,iron,120,ball_tree,manhattan,30,uniform,0.9757112908056303,0.9757112908056303,0.9757112908056303,0.9757112908056303,0.9992090844070931,1.4793502330780028,0.06652600704089946,98.08864779472351,0.7300694716133501
KNearestNeighbors,iron,120,ball_tree,manhattan,30,distance,0.990805630428272,0.990805630428272,0.990805630428272,0.990805630428272,0.9999218221671933,1.3933725833892823,0.047403748125681947,96.60988473892212,1.9839249645688568
KNearestNeighbors,iron,120,ball_tree,chebyshev,3,uniform,0.9852650494159928,0.9852650494159928,0.9852650494159928,0.9852650494159928,0.9969509791102187,1.4813158512115479,0.10462273994127719,61.89177293777466,3.233222463377625
KNearestNeighbors,iron,120,ball_tree,chebyshev,3,distance,0.9898472596585803,0.9898472596585803,0.9898472596585803,0.9898472596585803,0.9970540574572648,1.529646110534668,0.11793003760694386,55.147886991500854,1.6154127331919625
KNearestNeighbors,iron,120,ball_tree,chebyshev,6,uniform,0.9747828691224918,0.9747828691224918,0.9747828691224918,0.9747828691224918,0.9974706207788095,1.4932013988494872,0.15085816634251356,58.43551726341248,1.213225056325434
KNearestNeighbors,iron,120,ball_tree,chebyshev,6,distance,0.9877807726864329,0.9877807726864329,0.9877807726864329,0.9877807726864329,0.9978191223122934,1.5401897430419922,0.06715952814915536,57.20732927322388,1.0881029045493804
KNearestNeighbors,iron,120,ball_tree,chebyshev,9,uniform,0.9681341719077569,0.9681341719077569,0.9681341719077569,0.9681341719077569,0.9974797674855356,1.4586015701293946,0.06562813204467251,60.58562307357788,0.8928067587385905
KNearestNeighbors,iron,120,ball_tree,chebyshev,9,distance,0.9843066786463013,0.9843066786463013,0.9843066786463013,0.9843066786463013,0.9983737053446957,1.4140116214752196,0.06523422889390208,60.160651206970215,1.3315265992982845
KNearestNeighbors,iron,120,ball_tree,chebyshev,12,uniform,0.9600479185384845,0.9600479185384845,0.9600479185384845,0.9600479185384845,0.9969306591424058,1.437911605834961,0.053831099057456894,64.33504014015197,0.7500014782044415
KNearestNeighbors,iron,120,ball_tree,chebyshev,12,distance,0.9809823300389338,0.9809823300389338,0.9809823300389338,0.9809823300389338,0.9985588655976121,1.5333553791046142,0.04588237371797436,62.533766412734984,1.3103276290970964
KNearestNeighbors,iron,120,ball_tree,chebyshev,15,uniform,0.9530997304582212,0.9530997304582212,0.9530997304582212,0.9530997304582212,0.9965734263589967,1.4796916484832763,0.061398750951777936,67.77797493934631,0.604348683039317
KNearestNeighbors,iron,120,ball_tree,chebyshev,15,distance,0.979005690326445,0.979005690326445,0.979005690326445,0.979005690326445,0.9987567023795305,1.4921453475952149,0.04953047163063657,65.49364938735962,1.4414469158971812
KNearestNeighbors,iron,120,ball_tree,chebyshev,18,uniform,0.9474693021862833,0.9474693021862833,0.9474693021862833,0.9474693021862833,0.9961674751310442,1.4546937942504883,0.026185826786208052,69.37623009681701,1.042882128027469
KNearestNeighbors,iron,120,ball_tree,chebyshev,18,distance,0.9770889487870621,0.9770889487870621,0.9770889487870621,0.9770889487870621,0.9988069336554904,1.4091367721557617,0.10113997524414566,67.75522594451904,1.2096738830046192
KNearestNeighbors,iron,120,ball_tree,chebyshev,21,uniform,0.9436657681940701,0.9436657681940701,0.9436657681940701,0.9436657681940701,0.9957237391110579,1.4668970584869385,0.08791700090963231,71.32074937820434,1.605534851529018
KNearestNeighbors,iron,120,ball_tree,chebyshev,21,distance,0.975381850853549,0.975381850853549,0.975381850853549,0.975381850853549,0.9987956672973329,1.4839255332946777,0.0712711380078658,69.91649904251099,1.3595812150502238
KNearestNeighbors,iron,120,ball_tree,chebyshev,24,uniform,0.9417190775681341,0.9417190775681341,0.9417190775681341,0.9417190775681341,0.9953361299048632,1.4962400913238525,0.05451738789437513,72.30616674423217,1.3062204782614255
KNearestNeighbors,iron,120,ball_tree,chebyshev,24,distance,0.9737646001796945,0.9737646001796945,0.9737646001796945,0.9737646001796945,0.9988029221831101,1.506669044494629,0.07723640212951431,71.16764817237853,1.6414568282677806
KNearestNeighbors,iron,120,ball_tree,chebyshev,27,uniform,0.9379754417490267,0.9379754417490267,0.9379754417490267,0.9379754417490267,0.9949624220867431,1.4424224376678467,0.07008493458127212,74.85325574874878,0.6442677129545035
KNearestNeighbors,iron,120,ball_tree,chebyshev,27,distance,0.9716382150344414,0.9716382150344414,0.9716382150344414,0.9716382150344414,0.9988118133006205,1.4641857147216797,0.05053927035102883,70.78469161987304,1.4892126584523524
KNearestNeighbors,iron,120,ball_tree,chebyshev,30,uniform,0.933213536987122,0.933213536987122,0.933213536987122,0.933213536987122,0.9945499624082055,1.516035509109497,0.08055964639744607,73.71580767631531,1.111872062832983
KNearestNeighbors,iron,120,ball_tree,chebyshev,30,distance,0.9694519317160827,0.9694519317160827,0.9694519317160827,0.9694519317160827,0.9988293902983788,1.5795491695404054,0.10031531666321962,70.32527604103089,1.435621878496338
KNearestNeighbors,iron,120,kd_tree,minkowski,3,uniform,0.9935609463911351,0.9935609463911351,0.9935609463911351,0.9935609463911351,0.9986576859740218,1.451368522644043,0.035772009180327496,8.008519172668457,0.19252252320711186
KNearestNeighbors,iron,120,kd_tree,minkowski,3,distance,0.9952081461515425,0.9952081461515425,0.9952081461515425,0.9952081461515425,0.9986845010765606,1.4266536235809326,0.06989001441296272,6.547446441650391,0.1694118387512921
KNearestNeighbors,iron,120,kd_tree,minkowski,6,uniform,0.9880503144654089,0.9880503144654089,0.9880503144654089,0.9880503144654089,0.9990231017117346,1.4323053359985352,0.04258719890399673,9.930634927749633,0.3309713485350656
KNearestNeighbors,iron,120,kd_tree,minkowski,6,distance,0.9938903863432167,0.9938903863432167,0.9938903863432167,0.9938903863432167,0.9991284325248904,1.371369981765747,0.06447353642983754,8.603686237335205,0.22798591343288127
KNearestNeighbors,iron,120,kd_tree,minkowski,9,uniform,0.9829889188379755,0.9829889188379755,0.9829889188379755,0.9829889188379755,0.9990398218709624,1.3509562492370606,0.0620102538208428,10.89215087890625,0.1823525440938508
KNearestNeighbors,iron,120,kd_tree,minkowski,9,distance,0.9915543575920933,0.9915543575920933,0.9915543575920933,0.9915543575920933,0.9993084478944333,1.280721616744995,0.13238934236187874,9.639014339447021,0.15524109028566646
KNearestNeighbors,iron,120,kd_tree,minkowski,12,uniform,0.978796046720575,0.978796046720575,0.978796046720575,0.978796046720575,0.998960978121872,1.2810157775878905,0.03453246152531956,12.028900527954102,0.20004619110595037
KNearestNeighbors,iron,120,kd_tree,minkowski,12,distance,0.990356394129979,0.990356394129979,0.990356394129979,0.990356394129979,0.9994691201373849,1.2808265686035156,0.03787020893526595,10.678905153274536,0.28725278401956
KNearestNeighbors,iron,120,kd_tree,minkowski,15,uniform,0.9725067385444743,0.9725067385444743,0.9725067385444743,0.9725067385444743,0.9988715288884485,1.2536110877990723,0.03737901121827962,13.338189315795898,0.08948049654565587
KNearestNeighbors,iron,120,kd_tree,minkowski,15,distance,0.9882599580712788,0.9882599580712788,0.9882599580712788,0.9882599580712788,0.9996196921185643,1.2619594097137452,0.15928992279583018,11.611326217651367,0.17280228538729034
KNearestNeighbors,iron,120,kd_tree,minkowski,18,uniform,0.9678047319556752,0.9678047319556752,0.9678047319556752,0.9678047319556752,0.998631396774363,1.1442894458770752,0.13910885139519955,13.917381191253662,0.15997418700525895
KNearestNeighbors,iron,120,kd_tree,minkowski,18,distance,0.9864630128781071,0.9864630128781071,0.9864630128781071,0.9864630128781071,0.9996401463449758,1.2333119869232179,0.04894274326181393,12.82701392173767,0.3018249079645386
KNearestNeighbors,iron,120,kd_tree,minkowski,21,uniform,0.9647798742138365,0.9647798742138365,0.9647798742138365,0.9647798742138365,0.9983664757744333,1.2235178470611572,0.026398463869403907,14.59373779296875,0.24736323439803573
KNearestNeighbors,iron,120,kd_tree,minkowski,21,distance,0.9844564240790655,0.9844564240790655,0.9844564240790655,0.9844564240790655,0.9996267443688167,1.286668348312378,0.0241335989962447,13.41089062690735,0.3441400997193959
KNearestNeighbors,iron,120,kd_tree,minkowski,24,uniform,0.9622042527702905,0.9622042527702905,0.9622042527702905,0.9622042527702905,0.9981111462843341,1.3013372421264648,0.02203687658198231,15.172131061553955,0.23241422820868157
KNearestNeighbors,iron,120,kd_tree,minkowski,24,distance,0.9832584606169512,0.9832584606169512,0.9832584606169512,0.9832584606169512,0.9996262384045936,1.29908127784729,0.03671599439268515,14.132863283157349,0.408968963979782
KNearestNeighbors,iron,120,kd_tree,minkowski,27,uniform,0.9598981731057205,0.9598981731057205,0.9598981731057205,0.9598981731057205,0.9978002202414122,1.239285373687744,0.05853187418043022,15.973172473907471,0.32582860606606745
KNearestNeighbors,iron,120,kd_tree,minkowski,27,distance,0.9817310572027553,0.9817310572027553,0.9817310572027553,0.9817310572027553,0.9996071459345013,1.2411649703979493,0.024097847382873037,14.511086177825927,0.25213168373454525
KNearestNeighbors,iron,120,kd_tree,minkowski,30,uniform,0.9555555555555555,0.9555555555555555,0.9555555555555555,0.9555555555555555,0.9974786757997072,1.258335781097412,0.07436370169928658,16.157699966430663,0.2593913110100551
KNearestNeighbors,iron,120,kd_tree,minkowski,30,distance,0.980263551961665,0.980263551961665,0.980263551961665,0.980263551961665,0.9995883474754619,1.2219369411468506,0.05960623716077407,14.867496728897095,0.1428526140239916
KNearestNeighbors,iron,120,kd_tree,euclidean,3,uniform,0.9935609463911351,0.9935609463911351,0.9935609463911351,0.9935609463911351,0.9986576859740218,1.2963703155517579,0.045511146486709,6.710680198669434,0.19367638712778684
KNearestNeighbors,iron,120,kd_tree,euclidean,3,distance,0.9952081461515425,0.9952081461515425,0.9952081461515425,0.9952081461515425,0.9986845010765606,1.2091519832611084,0.10070345765311955,5.902133560180664,0.24194763095586655
KNearestNeighbors,iron,120,kd_tree,euclidean,6,uniform,0.9880503144654089,0.9880503144654089,0.9880503144654089,0.9880503144654089,0.9990231017117346,1.2780792236328125,0.05281886979884551,9.139560890197753,0.10006610973792811
KNearestNeighbors,iron,120,kd_tree,euclidean,6,distance,0.9938903863432167,0.9938903863432167,0.9938903863432167,0.9938903863432167,0.9991284325248904,1.3584880828857422,0.1298253490592567,7.598233461380005,0.3346974030096297
KNearestNeighbors,iron,120,kd_tree,euclidean,9,uniform,0.9829889188379755,0.9829889188379755,0.9829889188379755,0.9829889188379755,0.9990398218709624,1.214097023010254,0.018800152047762413,10.476715040206908,0.20283337369580812
KNearestNeighbors,iron,120,kd_tree,euclidean,9,distance,0.9915543575920933,0.9915543575920933,0.9915543575920933,0.9915543575920933,0.9993084478944333,1.2239216327667237,0.037287237329818486,9.152729940414428,0.20265268181598337
KNearestNeighbors,iron,120,kd_tree,euclidean,12,uniform,0.978796046720575,0.978796046720575,0.978796046720575,0.978796046720575,0.998960978121872,1.101878833770752,0.06689509691023497,11.994737195968629,0.3379107685943268
KNearestNeighbors,iron,120,kd_tree,euclidean,12,distance,0.990356394129979,0.990356394129979,0.990356394129979,0.990356394129979,0.9994691201373849,1.2942234039306642,0.06663353700832055,10.476244258880616,0.26295896754916076
KNearestNeighbors,iron,120,kd_tree,euclidean,15,uniform,0.9725067385444743,0.9725067385444743,0.9725067385444743,0.9725067385444743,0.9988715288884485,1.1823238372802733,0.09285018804179991,13.013451433181762,0.3362671970551386
KNearestNeighbors,iron,120,kd_tree,euclidean,15,distance,0.9882599580712788,0.9882599580712788,0.9882599580712788,0.9882599580712788,0.9996196921185643,1.3008214473724364,0.06118825900416077,11.715182495117187,0.3470616860789967
KNearestNeighbors,iron,120,kd_tree,euclidean,18,uniform,0.9678047319556752,0.9678047319556752,0.9678047319556752,0.9678047319556752,0.998631396774363,1.2695540904998779,0.07667703499099872,13.675658559799194,0.2246122824851551
KNearestNeighbors,iron,120,kd_tree,euclidean,18,distance,0.9864630128781071,0.9864630128781071,0.9864630128781071,0.9864630128781071,0.9996401463449758,1.3024290084838868,0.0704658615450191,12.725864601135253,0.4874085329703578
KNearestNeighbors,iron,120,kd_tree,euclidean,21,uniform,0.9647798742138365,0.9647798742138365,0.9647798742138365,0.9647798742138365,0.9983664757744333,1.2774052143096923,0.07201465802850518,14.739193058013916,0.310596432930935
KNearestNeighbors,iron,120,kd_tree,euclidean,21,distance,0.9844564240790655,0.9844564240790655,0.9844564240790655,0.9844564240790655,0.9996267443688167,1.254249143600464,0.10448702319114327,12.887003946304322,0.5822330567761943
KNearestNeighbors,iron,120,kd_tree,euclidean,24,uniform,0.9622042527702905,0.9622042527702905,0.9622042527702905,0.9622042527702905,0.9981111462843341,1.2480437755584717,0.03863473835853229,15.149976348876953,0.21100884568920164
KNearestNeighbors,iron,120,kd_tree,euclidean,24,distance,0.9832584606169512,0.9832584606169512,0.9832584606169512,0.9832584606169512,0.9996262384045936,1.2713439464569092,0.03800226275803895,13.980762052536011,0.22852949130192077
KNearestNeighbors,iron,120,kd_tree,euclidean,27,uniform,0.9598981731057205,0.9598981731057205,0.9598981731057205,0.9598981731057205,0.9978002202414122,1.1852561950683593,0.061820698386468094,15.890119361877442,0.373410509837075
KNearestNeighbors,iron,120,kd_tree,euclidean,27,distance,0.9817310572027553,0.9817310572027553,0.9817310572027553,0.9817310572027553,0.9996071459345013,1.229559326171875,0.07852868674303431,14.948085832595826,0.2373945008474561
KNearestNeighbors,iron,120,kd_tree,euclidean,30,uniform,0.9555555555555555,0.9555555555555555,0.9555555555555555,0.9555555555555555,0.9974786757997072,1.2993811130523683,0.1593882043983008,17.210157918930054,0.32473219537041464
KNearestNeighbors,iron,120,kd_tree,euclidean,30,distance,0.980263551961665,0.980263551961665,0.980263551961665,0.980263551961665,0.9995883474754619,1.242604875564575,0.050964612127801,16.039285612106323,0.7288174595292192
KNearestNeighbors,iron,120,kd_tree,manhattan,3,uniform,0.9983228511530398,0.9983228511530398,0.9983228511530398,0.9983228511530398,0.9998466319238748,1.2582704544067382,0.04727486343908149,10.097878313064575,0.33213533290648733
KNearestNeighbors,iron,120,kd_tree,manhattan,3,distance,0.9988619347109914,0.9988619347109914,0.9988619347109914,0.9988619347109914,0.9998494257240844,1.2627710819244384,0.09403676191557883,9.640756273269654,0.3880369534235035
KNearestNeighbors,iron,120,kd_tree,manhattan,6,uniform,0.9960467205750223,0.9960467205750223,0.9960467205750223,0.9960467205750223,0.9998684502421558,1.4131887435913086,0.07605232295929856,16.098520374298097,0.45535355004160555
KNearestNeighbors,iron,120,kd_tree,manhattan,6,distance,0.9983228511530399,0.9983228511530399,0.9983228511530399,0.9983228511530399,0.9998845408839026,1.3891233921051025,0.07035025950090112,14.806283950805664,0.24935073163222712
KNearestNeighbors,iron,120,kd_tree,manhattan,9,uniform,0.9942497753818508,0.9942497753818508,0.9942497753818508,0.9942497753818508,0.9998486196632385,1.3943647861480712,0.12050409011532986,18.681081199645995,0.5027241888286414
KNearestNeighbors,iron,120,kd_tree,manhattan,9,distance,0.9973944294699011,0.9973944294699011,0.9973944294699011,0.9973944294699011,0.9998987992630546,1.3861835479736329,0.11522207052466166,17.920704460144044,0.6945877493085559
KNearestNeighbors,iron,120,kd_tree,manhattan,12,uniform,0.9915244085055406,0.9915244085055406,0.9915244085055406,0.9915244085055406,0.9998071779147054,1.2529568195343017,0.0399079184786647,22.831833028793334,0.2734592180482567
KNearestNeighbors,iron,120,kd_tree,manhattan,12,distance,0.9971248876909253,0.9971248876909253,0.9971248876909253,0.9971248876909253,0.9999120607195309,1.374119806289673,0.06911829003469552,21.055953788757325,0.40558661921619676
KNearestNeighbors,iron,120,kd_tree,manhattan,15,uniform,0.988439652590596,0.988439652590596,0.988439652590596,0.988439652590596,0.9997923909853945,1.4134981632232666,0.02558750542477864,24.347569036483765,0.3683316855578275
KNearestNeighbors,iron,120,kd_tree,manhattan,15,distance,0.996166516921234,0.996166516921234,0.996166516921234,0.996166516921234,0.9999602962772325,1.3751381397247315,0.08870747454096153,23.28666353225708,0.6029933709362382
KNearestNeighbors,iron,120,kd_tree,manhattan,18,uniform,0.9855645402815215,0.9855645402815215,0.9855645402815215,0.9855645402815215,0.9997189107774277,1.3044548511505127,0.04104201452714844,26.257158184051512,0.42517133103320925
KNearestNeighbors,iron,120,kd_tree,manhattan,18,distance,0.9952081461515425,0.9952081461515425,0.9952081461515425,0.9952081461515425,0.9999537520006665,1.3816419124603272,0.031584070912892115,24.63105697631836,0.6196348269010926
KNearestNeighbors,iron,120,kd_tree,manhattan,21,uniform,0.9825995807127883,0.9825995807127883,0.9825995807127883,0.9825995807127883,0.9996491983516591,1.386317825317383,0.05268836035580154,27.376306295394897,0.6017948391038702
KNearestNeighbors,iron,120,kd_tree,manhattan,21,distance,0.9941000299490866,0.9941000299490866,0.9941000299490866,0.9941000299490866,0.999962548032633,1.422426128387451,0.02443927151163413,26.097551155090333,0.2989479052289545
KNearestNeighbors,iron,120,kd_tree,manhattan,24,uniform,0.9811320754716981,0.9811320754716981,0.9811320754716981,0.9811320754716981,0.9995225230433293,1.4611594200134277,0.06955927799724726,28.654087591171265,0.4182100765048558
KNearestNeighbors,iron,120,kd_tree,manhattan,24,distance,0.9927223719676549,0.9927223719676549,0.9927223719676549,0.9927223719676549,0.9999498495491876,1.4182916164398194,0.036062778116985286,27.09882869720459,0.46679951234013123
KNearestNeighbors,iron,120,kd_tree,manhattan,27,uniform,0.9786463012878107,0.9786463012878107,0.9786463012878107,0.9786463012878107,0.9993796321216086,1.4035631179809571,0.06824907554606262,29.554083824157715,0.6082689765913426
KNearestNeighbors,iron,120,kd_tree,manhattan,27,distance,0.9915843066786463,0.9915843066786463,0.9915843066786463,0.9915843066786463,0.9999359319445601,1.4088425159454345,0.09208134223657637,28.333769512176513,0.44322546144071207
KNearestNeighbors,iron,120,kd_tree,manhattan,30,uniform,0.9757112908056303,0.9757112908056303,0.9757112908056303,0.9757112908056303,0.9992090844070931,1.4776223182678223,0.053725752279684964,29.65262861251831,0.30583471962020964
KNearestNeighbors,iron,120,kd_tree,manhattan,30,distance,0.990805630428272,0.990805630428272,0.990805630428272,0.990805630428272,0.9999218221671933,1.3856854438781738,0.08250202030322701,27.271139097213744,0.559232148945556
KNearestNeighbors,iron,120,kd_tree,chebyshev,3,uniform,0.9852650494159928,0.9852650494159928,0.9852650494159928,0.9852650494159928,0.9969511834974059,1.3983328819274903,0.03674811317661348,6.2936516284942625,0.26510278409923366
KNearestNeighbors,iron,120,kd_tree,chebyshev,3,distance,0.9898472596585803,0.9898472596585803,0.9898472596585803,0.9898472596585803,0.997054091051071,1.5644986152648925,0.13406560667428724,5.10486102104187,0.4586040710171888
KNearestNeighbors,iron,120,kd_tree,chebyshev,6,uniform,0.9747828691224918,0.9747828691224918,0.9747828691224918,0.9747828691224918,0.9974521830138341,1.4625122547149658,0.10423913853015851,7.394319629669189,0.21631523631797028
KNearestNeighbors,iron,120,kd_tree,chebyshev,6,distance,0.9877807726864329,0.9877807726864329,0.9877807726864329,0.9877807726864329,0.9978003815266451,1.3635342597961426,0.04168514368390961,5.8166478157043455,0.2002254701882655
KNearestNeighbors,iron,120,kd_tree,chebyshev,9,uniform,0.9681341719077569,0.9681341719077569,0.9681341719077569,0.9681341719077569,0.997479529111931,1.4616007804870605,0.17033724212949777,7.6618359088897705,0.22617878645449246
KNearestNeighbors,iron,120,kd_tree,chebyshev,9,distance,0.9843066786463013,0.9843066786463013,0.9843066786463013,0.9843066786463013,0.9983736492346178,1.3854056358337403,0.025372276388730783,6.339636707305909,0.12788366021100445
KNearestNeighbors,iron,120,kd_tree,chebyshev,12,uniform,0.9600479185384845,0.9600479185384845,0.9600479185384845,0.9600479185384845,0.9969315508928867,1.3290535926818847,0.04896696375036144,8.654389190673829,0.3630032664948036
KNearestNeighbors,iron,120,kd_tree,chebyshev,12,distance,0.9810122791254866,0.9810122791254866,0.9810122791254866,0.9810122791254866,0.9985590364697391,1.3866527080535889,0.1513742813833571,7.48988184928894,0.27459352794652386
KNearestNeighbors,iron,120,kd_tree,chebyshev,15,uniform,0.9530997304582212,0.9530997304582212,0.9530997304582212,0.9530997304582212,0.996573473933209,1.3617667198181151,0.03986092681163295,9.876341533660888,0.23963353525861802
KNearestNeighbors,iron,120,kd_tree,chebyshev,15,distance,0.979005690326445,0.979005690326445,0.979005690326445,0.979005690326445,0.998756713551292,1.5355462074279784,0.08950339994975247,8.078665065765382,0.11526662911216437
KNearestNeighbors,iron,120,kd_tree,chebyshev,18,uniform,0.9474693021862833,0.9474693021862833,0.9474693021862833,0.9474693021862833,0.9961665870208105,1.4249110698699952,0.05529164333790841,10.176716470718384,0.313629673334189
KNearestNeighbors,iron,120,kd_tree,chebyshev,18,distance,0.9770290506139563,0.9770290506139563,0.9770290506139563,0.9770290506139563,0.9988063169279375,1.4271666526794433,0.062138410402604365,8.596568822860718,0.14393425125448475
KNearestNeighbors,iron,120,kd_tree,chebyshev,21,uniform,0.9436657681940701,0.9436657681940701,0.9436657681940701,0.9436657681940701,0.9957239915904724,1.3649938583374024,0.026798999775585735,10.677501010894776,0.27347857510762996
KNearestNeighbors,iron,120,kd_tree,chebyshev,21,distance,0.975411799940102,0.975411799940102,0.975411799940102,0.975411799940102,0.9987958019525196,1.4285390853881836,0.10756711170845641,9.121724510192871,0.17374463748854713
KNearestNeighbors,iron,120,kd_tree,chebyshev,24,uniform,0.9417190775681341,0.9417190775681341,0.9417190775681341,0.9417190775681341,0.995334917980594,1.4232654094696044,0.06482318128020255,11.000150632858276,0.1129437374534229
KNearestNeighbors,iron,120,kd_tree,chebyshev,24,distance,0.9737646001796945,0.9737646001796945,0.9737646001796945,0.9737646001796945,0.9988029390475429,1.424452257156372,0.04657457041574392,9.434966421127319,0.0717622667657415
KNearestNeighbors,iron,120,kd_tree,chebyshev,27,uniform,0.9379754417490267,0.9379754417490267,0.9379754417490267,0.9379754417490267,0.9949633101892562,1.3963418483734131,0.09026665892188547,11.572549438476562,0.19109352466589333
KNearestNeighbors,iron,120,kd_tree,chebyshev,27,distance,0.9716382150344414,0.9716382150344414,0.9716382150344414,0.9716382150344414,0.998811790881604,1.3981545925140382,0.1221266754267141,9.969350433349609,0.07690654770009715
KNearestNeighbors,iron,120,kd_tree,chebyshev,30,uniform,0.933213536987122,0.933213536987122,0.933213536987122,0.933213536987122,0.9945496738935237,1.3991116523742675,0.08442744108924499,12.555494594573975,1.0271333640500075
KNearestNeighbors,iron,120,kd_tree,chebyshev,30,distance,0.9694519317160827,0.9694519317160827,0.9694519317160827,0.9694519317160827,0.9988294406278966,1.4536458015441895,0.14634825245665925,10.467294597625733,1.6290004156951314
KNearestNeighbors,iron,120,brute,minkowski,3,uniform,0.9935609463911351,0.9935609463911351,0.9935609463911351,0.9935609463911351,0.9986576859740218,0.12902445793151857,0.02982001036814387,12.871160507202148,0.35605198821973355
KNearestNeighbors,iron,120,brute,minkowski,3,distance,0.9952081461515425,0.9952081461515425,0.9952081461515425,0.9952081461515425,0.998683225478276,0.11986632347106933,0.03908178590064738,12.275097179412843,0.37232258422161724
KNearestNeighbors,iron,120,brute,minkowski,6,uniform,0.9880503144654089,0.9880503144654089,0.9880503144654089,0.9880503144654089,0.9990231017117346,0.16091103553771974,0.041532429204897275,11.502342557907104,0.3805929497515694
KNearestNeighbors,iron,120,brute,minkowski,6,distance,0.9938903863432167,0.9938903863432167,0.9938903863432167,0.9938903863432167,0.9991260688518316,0.1394439697265625,0.02281802996463963,11.139639377593994,0.15656171793453222
KNearestNeighbors,iron,120,brute,minkowski,9,uniform,0.9829889188379755,0.9829889188379755,0.9829889188379755,0.9829889188379755,0.9990398218709624,0.14774441719055176,0.01260122382897256,11.090387964248658,0.17579613002506467
KNearestNeighbors,iron,120,brute,minkowski,9,distance,0.9915543575920933,0.9915543575920933,0.9915543575920933,0.9915543575920933,0.9993036155950621,0.13143906593322754,0.02724689059254664,11.16615958213806,0.07513410755572078
KNearestNeighbors,iron,120,brute,minkowski,12,uniform,0.978796046720575,0.978796046720575,0.978796046720575,0.978796046720575,0.998960978121872,0.14060039520263673,0.01689150019859688,11.097255992889405,0.13186415859955275
KNearestNeighbors,iron,120,brute,minkowski,12,distance,0.990356394129979,0.990356394129979,0.990356394129979,0.990356394129979,0.9994631344722595,0.1596275806427002,0.0056102400637290046,11.495374393463134,0.21554993132201664
KNearestNeighbors,iron,120,brute,minkowski,15,uniform,0.9725067385444743,0.9725067385444743,0.9725067385444743,0.9725067385444743,0.9988715288884485,0.15058674812316894,0.026675319599690436,11.31278977394104,0.16526930752775143
KNearestNeighbors,iron,120,brute,minkowski,15,distance,0.9882599580712788,0.9882599580712788,0.9882599580712788,0.9882599580712788,0.9996152229628132,0.12928075790405275,0.03318595506568147,11.642484092712403,0.03844585384730424
KNearestNeighbors,iron,120,brute,minkowski,18,uniform,0.9678047319556752,0.9678047319556752,0.9678047319556752,0.9678047319556752,0.998631396774363,0.16160593032836915,0.015808373116797808,11.53073205947876,0.1567843750893756
KNearestNeighbors,iron,120,brute,minkowski,18,distance,0.9864630128781071,0.9864630128781071,0.9864630128781071,0.9864630128781071,0.999636391649583,0.15991659164428712,0.0331329071307262,11.881185293197632,0.12338048713067502
KNearestNeighbors,iron,120,brute,minkowski,21,uniform,0.9647798742138365,0.9647798742138365,0.9647798742138365,0.9647798742138365,0.9983664757744333,0.12038168907165528,0.018912257057300295,11.55142846107483,0.16418801875304415
KNearestNeighbors,iron,120,brute,minkowski,21,distance,0.9844564240790655,0.9844564240790655,0.9844564240790655,0.9844564240790655,0.9996229078057993,0.1321645736694336,0.016504210479833987,11.970496034622192,0.18230188868988956
KNearestNeighbors,iron,120,brute,minkowski,24,uniform,0.9622042527702905,0.9622042527702905,0.9622042527702905,0.9622042527702905,0.9981111462843341,0.15732345581054688,0.006224212866135034,11.846202182769776,0.08543427591306202
KNearestNeighbors,iron,120,brute,minkowski,24,distance,0.9832584606169512,0.9832584606169512,0.9832584606169512,0.9832584606169512,0.9996229663154461,0.1364760398864746,0.024506715813509064,12.062058687210083,0.2086474526567072
KNearestNeighbors,iron,120,brute,minkowski,27,uniform,0.9598981731057205,0.9598981731057205,0.9598981731057205,0.9598981731057205,0.9978002202414122,0.1504528045654297,0.021907244533978038,12.208676195144653,0.14933892822156716
KNearestNeighbors,iron,120,brute,minkowski,27,distance,0.9817310572027553,0.9817310572027553,0.9817310572027553,0.9817310572027553,0.9996044090762558,0.16175551414489747,0.02194370473963521,12.54922194480896,0.11480075938846751
KNearestNeighbors,iron,120,brute,minkowski,30,uniform,0.9555555555555555,0.9555555555555555,0.9555555555555555,0.9555555555555555,0.9974786757997072,0.16897988319396973,0.010635071610110665,12.202533531188966,0.24744466326743902
KNearestNeighbors,iron,120,brute,minkowski,30,distance,0.980263551961665,0.980263551961665,0.980263551961665,0.980263551961665,0.999586238356371,0.12658519744873048,0.029277485503827326,11.896644783020019,0.163038829085754
KNearestNeighbors,iron,120,brute,euclidean,3,uniform,0.9935609463911351,0.9935609463911351,0.9935609463911351,0.9935609463911351,0.9986576859740218,0.16599559783935547,0.02106733364904282,13.261932754516602,0.18373988601394334
KNearestNeighbors,iron,120,brute,euclidean,3,distance,0.9952081461515425,0.9952081461515425,0.9952081461515425,0.9952081461515425,0.998683225478276,0.16121082305908202,0.024268175068725487,11.407399702072144,0.17998125220211109
KNearestNeighbors,iron,120,brute,euclidean,6,uniform,0.9880503144654089,0.9880503144654089,0.9880503144654089,0.9880503144654089,0.9990231017117346,0.1312647819519043,0.03322829903636428,13.07209792137146,0.0718400024374021
KNearestNeighbors,iron,120,brute,euclidean,6,distance,0.9938903863432167,0.9938903863432167,0.9938903863432167,0.9938903863432167,0.9991260688518316,0.13733129501342772,0.014760243374420107,11.392724752426147,0.13065428336956342
KNearestNeighbors,iron,120,brute,euclidean,9,uniform,0.9829889188379755,0.9829889188379755,0.9829889188379755,0.9829889188379755,0.9990398218709624,0.16978139877319337,0.019038763378793976,13.099725770950318,0.17667885947801876
KNearestNeighbors,iron,120,brute,euclidean,9,distance,0.9915543575920933,0.9915543575920933,0.9915543575920933,0.9915543575920933,0.9993036155950621,0.14101262092590333,0.01906928639150143,11.395596837997436,0.07296973488773875
KNearestNeighbors,iron,120,brute,euclidean,12,uniform,0.978796046720575,0.978796046720575,0.978796046720575,0.978796046720575,0.998960978121872,0.12397818565368653,0.03961642481259487,13.215715074539185,0.31672009631739495
KNearestNeighbors,iron,120,brute,euclidean,12,distance,0.990356394129979,0.990356394129979,0.990356394129979,0.990356394129979,0.9994631344722595,0.1309267044067383,0.023906710198740716,11.56453971862793,0.09683393254728466
KNearestNeighbors,iron,120,brute,euclidean,15,uniform,0.9725067385444743,0.9725067385444743,0.9725067385444743,0.9725067385444743,0.9988715288884485,0.12672362327575684,0.018002431192183335,13.577443313598632,0.13938324368668445
KNearestNeighbors,iron,120,brute,euclidean,15,distance,0.9882599580712788,0.9882599580712788,0.9882599580712788,0.9882599580712788,0.9996152229628132,0.13939809799194336,0.02755525517013594,12.044268798828124,0.21075115830774185
KNearestNeighbors,iron,120,brute,euclidean,18,uniform,0.9678047319556752,0.9678047319556752,0.9678047319556752,0.9678047319556752,0.998631396774363,0.14231033325195314,0.04250523516899183,13.879496908187866,0.10450372167958236
KNearestNeighbors,iron,120,brute,euclidean,18,distance,0.9864630128781071,0.9864630128781071,0.9864630128781071,0.9864630128781071,0.999636391649583,0.16352596282958984,0.016863201045541412,12.124075555801392,0.21174136399155896
KNearestNeighbors,iron,120,brute,euclidean,21,uniform,0.9647798742138365,0.9647798742138365,0.9647798742138365,0.9647798742138365,0.9983664757744333,0.1576455593109131,0.020665232819345198,14.165715789794922,0.22783822498846767
KNearestNeighbors,iron,120,brute,euclidean,21,distance,0.9844564240790655,0.9844564240790655,0.9844564240790655,0.9844564240790655,0.9996229078057993,0.15054783821105958,0.03327579157255716,12.296919918060302,0.10003055883784888
KNearestNeighbors,iron,120,brute,euclidean,24,uniform,0.9622042527702905,0.9622042527702905,0.9622042527702905,0.9622042527702905,0.9981111462843341,0.1406217098236084,0.03335453090337362,14.048155784606934,0.3201761431707788
KNearestNeighbors,iron,120,brute,euclidean,24,distance,0.9832584606169512,0.9832584606169512,0.9832584606169512,0.9832584606169512,0.9996229663154461,0.14011731147766113,0.013809806354342175,12.325928115844727,0.11955756618928633
KNearestNeighbors,iron,120,brute,euclidean,27,uniform,0.9598981731057205,0.9598981731057205,0.9598981731057205,0.9598981731057205,0.9978002202414122,0.12689385414123536,0.021163589861979835,14.032965612411498,0.3360046150581582
KNearestNeighbors,iron,120,brute,euclidean,27,distance,0.9817310572027553,0.9817310572027553,0.9817310572027553,0.9817310572027553,0.9996044090762558,0.16544551849365235,0.02308896259061931,12.761406469345093,0.5060312476786256
KNearestNeighbors,iron,120,brute,euclidean,30,uniform,0.9555555555555555,0.9555555555555555,0.9555555555555555,0.9555555555555555,0.9974786757997072,0.15389566421508788,0.02116564144888368,18.549927377700804,1.5951633481444034
KNearestNeighbors,iron,120,brute,euclidean,30,distance,0.980263551961665,0.980263551961665,0.980263551961665,0.980263551961665,0.999586238356371,0.14728240966796874,0.027978192858509377,22.53626275062561,2.169800922855295
KNearestNeighbors,iron,120,brute,manhattan,3,uniform,,,,,,0.1435914993286133,0.0328831221258017,0.12378582954406739,0.11286471983095278
KNearestNeighbors,iron,120,brute,manhattan,3,distance,0.9988619347109914,0.9988619347109914,0.9988619347109914,0.9988619347109914,0.9998494257240844,0.13497381210327147,0.022855031883363863,34.54635047912598,0.9386882956184635
KNearestNeighbors,iron,120,brute,manhattan,6,uniform,,,,,,0.15673456192016602,0.03929214643531878,0.20252737998962403,0.05087670477795595
KNearestNeighbors,iron,120,brute,manhattan,6,distance,0.9983228511530399,0.9983228511530399,0.9983228511530399,0.9983228511530399,0.9998845408839026,0.1348625659942627,0.040775013315980074,39.61062054634094,1.0878831852371775
KNearestNeighbors,iron,120,brute,manhattan,9,uniform,,,,,,0.2417468547821045,0.07437592287532813,0.45691704750061035,0.25687833201842736
KNearestNeighbors,iron,120,brute,manhattan,9,distance,0.9973944294699011,0.9973944294699011,0.9973944294699011,0.9973944294699011,0.9998987992630546,0.2101443290710449,0.06653160386081687,42.694492959976195,0.3266721238502427
KNearestNeighbors,iron,120,brute,manhattan,12,uniform,,,,,,0.3008140563964844,0.10888195293325623,0.12149248123168946,0.09783550169607332
KNearestNeighbors,iron,120,brute,manhattan,12,distance,0.9971248876909253,0.9971248876909253,0.9971248876909253,0.9971248876909253,0.9999120607195309,0.31812009811401365,0.13931153645002092,43.101422214508055,0.25713674491518246
KNearestNeighbors,iron,120,brute,manhattan,15,uniform,,,,,,0.23917779922485352,0.08339596139620856,0.3100404739379883,0.19453495731540602
KNearestNeighbors,iron,120,brute,manhattan,15,distance,0.996166516921234,0.996166516921234,0.996166516921234,0.996166516921234,0.9999602962772325,0.25356040000915525,0.12875730649063058,43.06061496734619,0.35398285710388755
KNearestNeighbors,iron,120,brute,manhattan,18,uniform,,,,,,0.2853562355041504,0.06480450777309225,0.32118959426879884,0.06206263669264598
KNearestNeighbors,iron,120,brute,manhattan,18,distance,0.9952081461515425,0.9952081461515425,0.9952081461515425,0.9952081461515425,0.9999537520006665,0.24351511001586915,0.11065557370710806,43.614469861984254,0.40512853188108344
KNearestNeighbors,iron,120,brute,manhattan,21,uniform,,,,,,0.33980531692504884,0.07899148431074347,0.21254901885986327,0.11711880337579232
KNearestNeighbors,iron,120,brute,manhattan,21,distance,0.9941000299490866,0.9941000299490866,0.9941000299490866,0.9941000299490866,0.999962548032633,0.3076486110687256,0.04497285683798044,43.705038690567015,0.37805489570593925
KNearestNeighbors,iron,120,brute,manhattan,24,uniform,,,,,,0.2810476779937744,0.079704316884481,0.12149314880371094,0.09423422299415538
KNearestNeighbors,iron,120,brute,manhattan,24,distance,0.9927223719676549,0.9927223719676549,0.9927223719676549,0.9927223719676549,0.9999498495491876,0.30810837745666503,0.03497112283039096,44.3367401599884,0.5080372336116087
KNearestNeighbors,iron,120,brute,manhattan,27,uniform,,,,,,0.2936202049255371,0.10133840728484152,0.21000900268554687,0.12605972595666673
KNearestNeighbors,iron,120,brute,manhattan,27,distance,0.9915843066786463,0.9915843066786463,0.9915843066786463,0.9915843066786463,0.9999359319445601,0.26430435180664064,0.10615046452187728,46.84119210243225,0.5328166100925512
KNearestNeighbors,iron,120,brute,manhattan,30,uniform,,,,,,0.26665301322937013,0.05491604436011751,0.21144428253173828,0.11905981905901043
KNearestNeighbors,iron,120,brute,manhattan,30,distance,0.990805630428272,0.990805630428272,0.990805630428272,0.990805630428272,0.9999218221671933,0.28114118576049807,0.10861768137081583,50.62017769813538,1.3069373119919283
KNearestNeighbors,iron,120,brute,chebyshev,3,uniform,,,,,,0.2631844520568848,0.11604843442244663,0.25899901390075686,0.2844700016727024
KNearestNeighbors,iron,120,brute,chebyshev,3,distance,0.9898472596585803,0.9898472596585803,0.9898472596585803,0.9898472596585803,0.997054091051071,0.3218939781188965,0.09809375538632936,66.22126245498657,0.6020546904677619
KNearestNeighbors,iron,120,brute,chebyshev,6,uniform,,,,,,0.2737999439239502,0.1479572365065936,0.3068700790405273,0.1558885447332284
KNearestNeighbors,iron,120,brute,chebyshev,6,distance,0.9877807726864329,0.9877807726864329,0.9877807726864329,0.9877807726864329,0.9978003815266451,0.24519410133361816,0.12045494670366935,69.90073142051696,0.9627267972763466
KNearestNeighbors,iron,120,brute,chebyshev,9,uniform,,,,,,0.37381553649902344,0.07417639163566067,0.16473217010498048,0.20086615364094756
KNearestNeighbors,iron,120,brute,chebyshev,9,distance,0.9843066786463013,0.9843066786463013,0.9843066786463013,0.9843066786463013,0.9983736045724765,0.3251336097717285,0.11360106408100339,71.45099430084228,0.4562415959714029
KNearestNeighbors,iron,120,brute,chebyshev,12,uniform,,,,,,0.4136165142059326,0.1720216711107056,0.3170969486236572,0.2851406303739516
KNearestNeighbors,iron,120,brute,chebyshev,12,distance,0.9809823300389338,0.9809823300389338,0.9809823300389338,0.9809823300389338,0.9985589413527233,0.34389829635620117,0.1270077678996499,72.41389155387878,0.16070093977436373
KNearestNeighbors,iron,120,brute,chebyshev,15,uniform,,,,,,0.5668913841247558,0.0668252415051214,0.13389697074890136,0.1662243498583579
KNearestNeighbors,iron,120,brute,chebyshev,15,distance,0.979005690326445,0.979005690326445,0.979005690326445,0.979005690326445,0.9987566939629628,0.27991771697998047,0.1564884419701724,72.37109632492066,0.34264338516429127
KNearestNeighbors,iron,120,brute,chebyshev,18,uniform,,,,,,0.466827917098999,0.09737514378153651,0.18800969123840333,0.16171749450930795
KNearestNeighbors,iron,120,brute,chebyshev,18,distance,0.9770290506139563,0.9770290506139563,0.9770290506139563,0.9770290506139563,0.9988063620111276,0.34648756980895995,0.10986459887090289,72.88670015335083,0.5971445946438332
KNearestNeighbors,iron,120,brute,chebyshev,21,uniform,,,,,,0.3967884540557861,0.12467645374651659,0.4592598915100098,0.24575585758376298
KNearestNeighbors,iron,120,brute,chebyshev,21,distance,0.975411799940102,0.975411799940102,0.975411799940102,0.975411799940102,0.9987957068794191,0.4238002300262451,0.14541072480831052,72.6892644405365,0.5086405302108896
KNearestNeighbors,iron,120,brute,chebyshev,24,uniform,,,,,,0.47546772956848143,0.1611583728877695,0.45121068954467775,0.25893233873793003
KNearestNeighbors,iron,120,brute,chebyshev,24,distance,0.9737646001796945,0.9737646001796945,0.9737646001796945,0.9737646001796945,0.9988030566781381,0.3175931930541992,0.0371184563985572,71.33071513175965,1.3179862633229773
KNearestNeighbors,iron,120,brute,chebyshev,27,uniform,,,,,,0.43809027671813966,0.1768626324244899,0.2191009521484375,0.23542638937945842
KNearestNeighbors,iron,120,brute,chebyshev,27,distance,0.9716082659478886,0.9716082659478886,0.9716082659478886,0.9716082659478886,0.998793860765038,0.40406503677368166,0.18481431393894876,64.36855835914612,2.278246396071652
KNearestNeighbors,iron,120,brute,chebyshev,30,uniform,,,,,,0.419787073135376,0.19775048391746824,0.3958853244781494,0.2532781469844253
KNearestNeighbors,iron,120,brute,chebyshev,30,distance,0.9694519317160827,0.9694519317160827,0.9694519317160827,0.9694519317160827,0.998829474363324,0.4375897407531738,0.10107108454782054,46.53712954521179,7.324716138359296
