Model Name,Learning Rate,Down Scale Factor,Batch Size,Noise,Epoch,train D BCE Loss,train G BCE Loss,train D BCELogits Loss,train G BCELogits Loss,train D MSE Loss,train G MSE Loss,train D MAE Loss,train G MAE Loss,train D SSIM Loss,train G SSIM Loss,train D N White MAE Loss,train G N White MAE Loss,train D N Black MAE Loss,train G N Black MAE Loss,train D S White MAE Loss,train G S White MAE Loss,train D S Black MAE Loss,train G S Black MAE Loss,train D T White MAE Loss,train G T White MAE Loss,train D T Black MAE Loss,train G T Black MAE Loss,train D X White MAE Loss,train G X White MAE Loss,train D X Black MAE Loss,train G X Black MAE Loss,train D _ White MAE Loss,train G _ White MAE Loss,train D _ Black MAE Loss,train G _ Black MAE Loss,test D BCE Loss,test G BCE Loss,test D BCELogits Loss,test G BCELogits Loss,test D MSE Loss,test G MSE Loss,test D MAE Loss,test G MAE Loss,test D SSIM Loss,test G SSIM Loss,test D N White MAE Loss,test G N White MAE Loss,test D N Black MAE Loss,test G N Black MAE Loss,test D S White MAE Loss,test G S White MAE Loss,test D S Black MAE Loss,test G S Black MAE Loss,test D T White MAE Loss,test G T White MAE Loss,test D T Black MAE Loss,test G T Black MAE Loss,test D X White MAE Loss,test G X White MAE Loss,test D X Black MAE Loss,test G X Black MAE Loss,test D _ White MAE Loss,test G _ White MAE Loss,test D _ Black MAE Loss,test G _ Black MAE Loss
GenerativeAdversarialNetwork,0.0001,8.0,45.0,1.0,0.0,2.0829920538994823e-05,0.0007583055534774081,0.0006870216115144385,0.000532084157203407,1.5318485019562862e-06,5.838112288086883e-05,2.000417128566783e-05,0.00013466422368252695,0.0,0.0009737131015906621,0.0,8.807434748125205e-05,0.0,0.0009259687601074054,0.0,8.54184966524335e-05,0.0,0.0008119286873912554,0.0,8.779052253360697e-05,0.0,0.0010509037907232815,0.0,7.98085508642171e-05,0.0,0.0009530574645636216,0.0,2.9717830594659173e-05,0.0,0.0,8.193842199800899e-05,0.0037632607064157163,0.003198705379318141,0.0025211681359968846,6.714469677059905e-06,0.0002932943544297848,7.828057936902316e-05,0.0006610965297656989,0.0,0.004382574670075283,0.0,0.00041100420292068576,0.0,0.004251942694562036,0.0,0.00036863410997690644,0.0,0.0037654458351855007,0.0,0.0003738785689731814,0.0,0.0047371038850748315,0.0,0.0003539703598937149,0.0,0.005085010198677111,0.0,0.00013367434576997216,0.0,0.0
GenerativeAdversarialNetwork,0.0001,8.0,45.0,True,1.0,8.598156775425708e-05,0.0006201104574769012,0.0007094884657795538,0.0005061853767405302,1.9202495842288446e-05,3.47848328939988e-05,7.377916349554962e-05,7.659077865254847e-05,0.0,0.0010816125385968592,0.0,6.77590893526283e-05,0.0,0.0005081519283695684,0.0,5.333574433532365e-05,0.0,0.00024788194107559493,0.0,5.001879003491363e-05,0.0,0.0009491643655010954,0.0,5.589029939990802e-05,0.0,0.000681930153839029,0.0,1.0199032754027297e-05,0.0,0.0,0.0003489589072623343,0.003033846991616975,0.0032913853537361575,0.002386199415854688,9.188510524401875e-05,0.00016493600963046715,0.0002853302929386403,0.0003692243459089747,0.0,0.004908797711581507,0.0,0.00032009121100857573,0.0,0.0021093948832098044,0.0,0.00025037915076849595,0.0,0.0011192771998591393,0.0,0.00025601806880543065,0.0,0.0038123996752612997,0.0,0.000188537246588641,0.0,0.0045050914932346945,0.0,4.765893619671558e-05,0.0,0.0
GenerativeAdversarialNetwork,0.0001,8.0,45.0,True,2.0,1.845920001560787e-05,0.0005317580185810511,0.0006858763508398257,0.0005036169547597675,1.406046841795634e-06,3.2078926614673954e-05,1.770681814564206e-05,7.089156647416138e-05,0.0,0.0010952817236503205,0.0,6.170453368171528e-05,0.0,0.00045790091518443227,0.0,4.437607474564863e-05,0.0,0.000210837835089537,0.0,4.988362023611917e-05,0.0,0.0009051665784213742,0.0,5.4202140421880226e-05,0.0,0.000645905130635696,0.0,9.84103398804234e-06,0.0,0.0,7.549438438138122e-05,0.0026101447501272524,0.0031957641337652626,0.0023726605394351406,6.8002121241868665e-06,0.0001520411398425792,7.182232590403946e-05,0.00033919250815169616,0.0,0.00498721060844914,0.0,0.00029775130111466414,0.0,0.0018531848799507573,0.0,0.00021766489313083625,0.0,0.000916018988351402,0.0,0.0002513267568447305,0.0,0.0036311205827964928,0.0,0.0001829662155242836,0.0,0.004375193853798152,0.0,4.652465851801746e-05,0.0,0.0
GenerativeAdversarialNetwork,0.0001,8.0,45.0,True,3.0,4.864428656783226e-06,0.0005060721921792249,0.0006800799999596938,0.0005023191881308337,9.149027386783167e-08,3.0568381645930105e-05,4.818008753227577e-06,6.832691998976582e-05,0.0,0.0011012013246411007,0.0,5.9372542119733084e-05,0.0,0.00042016635525901364,0.0,4.0092417654001486e-05,0.0,0.0001999620157432042,0.0,5.061698530240843e-05,0.0,0.0008765693623421969,0.0,5.3452478465686914e-05,0.0,0.0006228503833883856,0.0,9.742579259721416e-06,0.0,0.0,1.9364202477084767e-05,0.0024764937049937697,0.003171978881524044,0.0023664867728011413,5.029405484784324e-07,0.00014570616654255105,1.910637695131437e-05,0.00032664708933740293,0.0,0.00501867761212277,0.0,0.00028813035233215715,0.0,0.0017094994491001344,0.0,0.0001994697318511939,0.0,0.0008597655116387133,0.0,0.0002507317412949208,0.0,0.0035253279613998703,0.0,0.00018410965706567345,0.0,0.004290241115498093,0.0,4.645151455166205e-05,0.0,0.0
GenerativeAdversarialNetwork,0.0001,8.0,45.0,True,4.0,1.5650566785302607e-06,0.0004910873274276199,0.0006787494989739596,0.0005014229093921795,9.564029941775564e-09,2.940550366180605e-05,1.5602532129061993e-06,6.654069851832891e-05,0.0,0.001104717032665197,0.0,5.781573727927761e-05,0.0,0.0003899604965734353,0.0,3.728021257569526e-05,0.0,0.000193280893355367,0.0,5.1317796753744554e-05,0.0,0.0008551212494585392,0.0,5.267814022672144e-05,0.0,0.0006049526830246506,0.0,9.655738450245395e-06,0.0,0.0,6.763178140581029e-06,0.0023869124223601145,0.003167072557053476,0.002362517253407892,9.281941988460028e-08,0.00014128279432935534,6.716026274381943e-06,0.0003182459974064017,0.0,0.005035560095629536,0.0,0.0002792231129400385,0.0,0.0016053911275083913,0.0,0.00018755099355424726,0.0,0.0008289939577474534,0.0,0.0002497345115403709,0.0,0.0034625713930189986,0.0,0.0001855617588233648,0.0,0.004231521168594841,0.0,4.619907048888176e-05,0.0,0.0
GenerativeAdversarialNetwork,0.0001,8.0,45.0,True,5.0,7.392733792129232e-07,0.00047740255886653685,0.0006784231996921837,0.0005007486218069441,2.2786720195668906e-09,2.850008490834275e-05,7.381315049376449e-07,6.497355122771867e-05,0.0,0.0011085674780484081,0.0,5.6219500592455385e-05,0.0,0.00036872429346459894,0.0,3.5164897854758726e-05,0.0,0.00018862050498592243,0.0,5.129757876987406e-05,0.0,0.0008393383893683914,0.0,5.149144950420709e-05,0.0,0.0005941508674236,0.0,9.526518070593356e-06,0.0,0.0,3.6793893478435913e-06,0.0023108535217788986,0.003165947566242338,0.002359274423347329,3.7962037147609985e-08,0.0001375247613064148,3.660179721484394e-06,0.00030998925461709123,0.0,0.0050597485051075974,0.0,0.00026837331037851247,0.0,0.0015352652320322002,0.0,0.00017683279448710146,0.0,0.0008152506823809641,0.0,0.0002456780921363231,0.0,0.003429727734259839,0.0,0.0001830107901456221,0.0,0.004181580348584637,0.0,4.568547537585474e-05,0.0,0.0
GenerativeAdversarialNetwork,0.0001,8.0,45.0,True,6.0,4.551540984900171e-07,0.00047258096885167045,0.0006783209399714303,0.0005000870664807343,9.233657983174461e-10,2.77266503786141e-05,4.5469173197596866e-07,6.337136512175403e-05,0.0,0.0011136727716185369,0.0,5.4188564700900383e-05,0.0,0.00035372360376013576,0.0,3.339323112264155e-05,0.0,0.00018637494819183554,0.0,5.0385926932980106e-05,0.0,0.0008298468718310251,0.0,4.972262443557904e-05,0.0,0.000587900412693178,0.0,9.351986086352495e-06,0.0,0.0,2.39171874094403e-06,0.002271839657669547,0.003165529583984951,0.002356328491894704,1.7773584275906934e-08,0.00013458392576976393,2.3827565915929447e-06,0.00030250758307534943,0.0,0.005083284598794573,0.0,0.00025771061579386395,0.0,0.001489243229979989,0.0,0.0001682030423632208,0.0,0.000805884505967674,0.0,0.0002399917762234526,0.0,0.0034127587792258593,0.0,0.00017867995273767028,0.0,0.004144677950901055,0.0,4.488699220167766e-05,0.0,0.0
GenerativeAdversarialNetwork,0.0001,8.0,45.0,True,7.0,2.0428808174419877e-07,0.00046425057710663004,0.0006782472776274154,0.0004995109819659004,1.747674852994672e-10,2.697539940034604e-05,2.0420063297060942e-07,6.166977099973879e-05,0.0,0.0011193780224325331,0.0,5.21110978248627e-05,0.0,0.0003422342060068547,0.0,3.197359930312216e-05,0.0,0.00018482942465501977,0.0,4.8956831269508425e-05,0.0,0.0008223323487849891,0.0,4.722985295915218e-05,0.0,0.000583643420044624,0.0,9.140092000927566e-06,0.0,0.0,9.871882008704937e-07,0.002230385751844202,0.003165131469942489,0.0023541070005428867,2.6273031772523255e-09,0.00013216124531233086,9.858704746097513e-07,0.0002952038585764807,0.0,0.0051087027947008794,0.0,0.00024714496619296524,0.0,0.0014581682172211462,0.0,0.00016049137514717173,0.0,0.0008064753979257068,0.0,0.00023342137160541128,0.0,0.003409293087773353,0.0,0.00017169254990118853,0.0,0.004120676772399519,0.0,4.37603437535043e-05,0.0,0.0
GenerativeAdversarialNetwork,0.0001,8.0,45.0,True,8.0,5.364530208969936e-08,0.0004235001587160835,0.0006781938583703054,0.0004992209113833076,1.3372031245099016e-11,2.6273029050576398e-05,5.3638614484452895e-08,5.983601944305183e-05,0.0,0.001124191446299931,0.0,4.991214732436157e-05,0.0,0.000331632813032104,0.0,3.0350685621689592e-05,0.0,0.00018340525922749563,0.0,4.7488851005818965e-05,0.0,0.0008165213778976481,0.0,4.4921960310151954e-05,0.0,0.0005781329626021681,0.0,8.350881469257758e-06,0.0,0.0,2.2088960742976212e-07,0.0020258413545740477,0.003164885179051813,0.0023531379564753117,1.0528690428237158e-10,0.000129672645960214,2.2083693681835378e-07,0.000287661223479037,0.0,0.00512899223455816,0.0,0.00023636699847455294,0.0,0.0014241230000489912,0.0,0.00015372230009462847,0.0,0.0007989113248369229,0.0,0.0002273326540518107,0.0,0.0033956769877259837,0.0,0.00016629356164602364,0.0,0.004092854898680681,0.0,3.988671544119247e-05,0.0,0.0
GenerativeAdversarialNetwork,0.0001,8.0,45.0,True,9.0,1.631470349772e-08,0.00032102989379286445,0.0006781777924283174,0.0004992507940354052,1.5356221834709096e-12,2.567094532305982e-05,1.6313936188173758e-08,5.78002537276867e-05,0.0,0.001130112915157,0.0,4.7427594581382934e-05,0.0,0.00032001601235885825,0.0,2.7738996050910487e-05,0.0,0.00018013393220233146,0.0,4.630567470811448e-05,0.0,0.0008082813169114352,0.0,4.265751097240859e-05,0.0,0.0005744608104068314,0.0,7.382380045609012e-06,0.0,0.0,7.909615157112046e-08,0.0015257925919766695,0.0031648300728707945,0.002353625477484937,2.097566285583411e-11,0.00012726425749700775,7.908566664163399e-08,0.00027860956465673145,0.0,0.0051558476582375164,0.0,0.00022524342222033806,0.0,0.0013897287770637176,0.0,0.00014040955348209764,0.0,0.000787316159632221,0.0,0.00022120729276219254,0.0,0.003370040242776931,0.0,0.00016057886089543876,0.0,0.0040653932769343535,0.0,3.5287973429984266e-05,0.0,0.0
GenerativeAdversarialNetwork,0.0001,8.0,45.0,True,10.0,1.9044371662178827e-08,0.00019779530255942333,0.0006781794793522262,0.000499005105617554,1.540230955654805e-12,2.5118527949017012e-05,1.9043601901164388e-08,5.555106201422504e-05,0.0,0.0011335431813935158,0.0,4.497126266962756e-05,0.0,0.000309693242983034,0.0,2.5293255109349993e-05,0.0,0.00017862754931668388,0.0,4.44440286596509e-05,0.0,0.0008009587015424456,0.0,4.0140951860625786e-05,0.0,0.0005695582078794906,0.0,6.306120081531069e-06,0.0,0.0,8.546188231169556e-08,0.0009334643119536106,0.0031648349462065307,0.0023531268977519102,1.7514706666131716e-11,0.0001252761239525657,8.545312485013321e-08,0.0002680351758528056,0.0,0.00516831077408538,0.0,0.00021348502369796706,0.0,0.0013613199475426344,0.0,0.0001272431475186498,0.0,0.0007733826367360241,0.0,0.00021320068330134986,0.0,0.003354385588903847,0.0,0.00015076976152336073,0.0,0.004043600469265344,0.0,2.9749190141944764e-05,0.0,0.0
GenerativeAdversarialNetwork,0.0001,8.0,45.0,True,11.0,2.475068973492821e-07,0.0001727702281867076,0.0006782925032541116,0.0004991443170048799,5.834457924279218e-10,2.4638419865437272e-05,2.472144862225234e-07,5.390821903381708e-05,0.0,0.0011318320651612112,0.0,4.324689005423749e-05,0.0,0.000297983340175968,0.0,2.3943344457451546e-05,0.0,0.00017447016550845533,0.0,4.322164644288888e-05,0.0,0.0007945214802364133,0.0,3.837788040747218e-05,0.0,0.0005637863977257454,0.0,5.705884564918971e-06,0.0,0.0,5.256361364673987e-07,0.0008494340398776456,0.003165050872466849,0.002353494647164015,7.972396746962023e-10,0.00012325137010160483,5.25237011295632e-07,0.0002604545849674153,0.0,0.005167380100667603,0.0,0.00020574159779638613,0.0,0.0013247238202664837,0.0,0.00011911122538383652,0.0,0.0007663811059118067,0.0,0.00020609449290629454,0.0,0.0033227441445836483,0.0,0.00014445558190345764,0.0,0.004022919157016202,0.0,2.671643482439173e-05,0.0,0.0
GenerativeAdversarialNetwork,0.0001,8.0,45.0,True,12.0,2.392642767949286e-07,0.00016949542690158854,0.000678266637087511,0.0004988495872991104,2.601019824798685e-10,2.4175499829481232e-05,2.391340744159513e-07,5.26815341569664e-05,0.0,0.0011343084334521293,0.0,4.205908475699772e-05,0.0,0.0002881790388305232,0.0,2.331083083168837e-05,0.0,0.0001714561345442286,0.0,4.247715571177295e-05,0.0,0.000786358053793483,0.0,3.718521767308448e-05,0.0,0.0005548436927666883,0.0,5.305589068771373e-06,0.0,0.0,5.912931424378177e-07,0.0008364963643955734,0.0031650088868051206,0.0023520815672364625,4.210977897615384e-10,0.00012137944687087581,5.910825515136638e-07,0.00025419787790790296,0.0,0.005185546950591904,0.0,0.00019858435452359277,0.0,0.0012902035465780293,0.0,0.00011418757479895585,0.0,0.0007570693796535708,0.0,0.000199516661137155,0.0,0.003296363278754852,0.0,0.00013938677385918,0.0,0.004014868031507768,0.0,2.3990185673600473e-05,0.0,0.0
GenerativeAdversarialNetwork,0.0001,8.0,45.0,True,13.0,1.472588612056636e-07,0.0001637181141627124,0.0006782206081637153,0.0004984576988091687,9.727260147407914e-11,2.3769671624561527e-05,1.4721020446485285e-07,5.154835306248575e-05,0.0,0.0011377854442418999,0.0,4.068666923479892e-05,0.0,0.0002831591750090977,0.0,2.264132537449788e-05,0.0,0.00016759609115734255,0.0,4.1845445383109174e-05,0.0,0.0007766930240826465,0.0,3.607540750358947e-05,0.0,0.0005481722300264714,0.0,4.9546091111924125e-06,0.0,0.0,4.435345968348706e-07,0.0008101203719025138,0.003164934662153136,0.002350176842707508,3.0287406963976056e-10,0.00011962577232024955,4.433831287864244e-07,0.0002490179437511372,0.0,0.005205949603725939,0.0,0.0001929225927253939,0.0,0.0012655120413258391,0.0,0.00011056784610703307,0.0,0.0007490914478991766,0.0,0.00019300632975386374,0.0,0.0032838680459268436,0.0,0.00013478350995471642,0.0,0.00399724155102136,0.0,2.272136409843118e-05,0.0,0.0
GenerativeAdversarialNetwork,0.0001,8.0,45.0,True,14.0,1.213315549881431e-07,0.00016164355923866004,0.0006782065504644759,0.000497599496353026,9.245827224530308e-11,2.3320784184810607e-05,1.2128530068616722e-07,5.041061827757288e-05,0.0,0.0011455925271493328,0.0,3.970570540974404e-05,0.0,0.0002724361829359255,0.0,2.236627644766373e-05,0.0,0.00016354320626053205,0.0,4.076797545277526e-05,0.0,0.0007703855352581672,0.0,3.502499613398812e-05,0.0,0.0005398858187976231,0.0,4.73443290715751e-06,0.0,0.0,4.532386650589043e-07,0.000801336371673728,0.0031649316631772984,0.0023469255780274013,3.659473842054015e-10,0.0001180397944068009,4.530555763393172e-07,0.00024562584435414966,0.0,0.005234243341870429,0.0,0.00018877473970254263,0.0,0.0012414498524096027,0.0,0.00011032393331047874,0.0,0.0007434454541536247,0.0,0.00018752467051242133,0.0,0.0032755695049117945,0.0,0.00013151162731572517,0.0,0.003984371071341653,0.0,2.2806331175584462e-05,0.0,0.0
GenerativeAdversarialNetwork,0.0001,8.0,45.0,True,15.0,8.94526331126941e-08,0.00015796392633908522,0.000678199722439131,0.0004973379428174617,4.2468990887642586e-11,2.2937367968964127e-05,8.943139359221927e-08,4.948758974550869e-05,0.0,0.0011472741235095858,0.0,3.876352326246606e-05,0.0,0.0002628004534867896,0.0,2.203642759682997e-05,0.0,0.0001602468264070804,0.0,4.017138677947926e-05,0.0,0.0007633876929064645,0.0,3.435710480190673e-05,0.0,0.0005327435436274485,0.0,4.536820565553688e-06,0.0,0.0,3.197563719882999e-07,0.0007823774087354072,0.0031648990493150625,0.0023458084595278372,1.6432988862052526e-10,0.00011628160967766864,3.196742085801473e-07,0.00024106512841938425,0.0,0.005244356660262885,0.0,0.00018395544410501635,0.0,0.0012146537221452724,0.0,0.00010681393667586944,0.0,0.0007352686528139895,0.0,0.00018227919233295152,0.0,0.0032554722432070558,0.0,0.00012883526396076635,0.0,0.00395371066699238,0.0,2.1630829293866577e-05,0.0,0.0
GenerativeAdversarialNetwork,0.0001,8.0,45.0,True,16.0,9.243409893026128e-08,0.0001555775917283287,0.0006782043012325975,0.0004970910494539616,3.7075703393889175e-11,2.2463374984553562e-05,9.241555602480519e-08,4.865089054859552e-05,0.0,0.0011478694718865066,0.0,3.7967583862437074e-05,0.0,0.00025113224179918234,0.0,2.2138418715115827e-05,0.0,0.00015470827364857305,0.0,3.962746176195916e-05,0.0,0.0007558655385379843,0.0,3.3631684845991213e-05,0.0,0.00052691594449015,0.0,4.662168802156281e-06,0.0,0.0,3.104564854977711e-07,0.0007720688041651024,0.003164906921626637,0.002345346617248823,1.2677344848242276e-10,0.00011470864685076588,3.1039310687327017e-07,0.00023701979116823687,0.0,0.005248182020848911,0.0,0.0001777013377198633,0.0,0.0012020622409364711,0.0,0.00010471498160242284,0.0,0.0007288850984483395,0.0,0.00017454107321283354,0.0,0.0032457218230145532,0.0,0.00012566347214036018,0.0,0.0039523600032494504,0.0,2.1361226051952104e-05,0.0,0.0
GenerativeAdversarialNetwork,0.0001,8.0,45.0,True,17.0,7.612202463218455e-08,0.0001551174731910068,0.0006781988388123217,0.0004967907769982063,2.5211851773703058e-11,2.2151542581477254e-05,7.610940937683328e-08,4.807048329124554e-05,0.0,0.0011498359959920242,0.0,3.7467423475013586e-05,0.0,0.00024780506554318246,0.0,2.2226733700284417e-05,0.0,0.00015081757443613118,0.0,3.912434674739195e-05,0.0,0.000751995012123951,0.0,3.298759370078295e-05,0.0,0.0005221896255112723,0.0,4.688306081527969e-06,0.0,0.0,2.6886024766414184e-07,0.0007705453244395226,0.0031648964252112047,0.0023441475892216905,9.328525652849262e-11,0.00011348613075115395,2.688135945900056e-07,0.00023468611937648844,0.0,0.005255836356590657,0.0,0.00017445075249521987,0.0,0.0011824698380704195,0.0,0.00010521415878766738,0.0,0.0007183066797706316,0.0,0.0001704235496760914,0.0,0.0032546280315087278,0.0,0.00012453196792857452,0.0,0.003937325762502802,0.0,2.1439545008840053e-05,0.0,0.0
GenerativeAdversarialNetwork,0.0001,8.0,45.0,True,18.0,6.291292072148276e-08,0.0001544622438294547,0.0006781949026565346,0.000496466526124034,1.7214804604277082e-11,2.1908467389502614e-05,6.29043013592956e-08,4.748969948838021e-05,0.0,0.0011519694676445367,0.0,3.675603109469632e-05,0.0,0.00024103606245267102,0.0,2.2231161875544854e-05,0.0,0.0001470053874739418,0.0,3.848296170928729e-05,0.0,0.0007489795954722278,0.0,3.245505792995026e-05,0.0,0.000519826245115131,0.0,4.741950010795478e-06,0.0,0.0,2.2918085857593225e-07,0.0007661577290708914,0.0031648863036677524,0.002342499651998844,6.705247677850907e-11,0.00011176249281790272,2.2914729307335362e-07,0.00023146376669781762,0.0,0.005268926783008719,0.0,0.000168792317685841,0.0,0.001184596486811368,0.0,0.00010551765279949836,0.0,0.0007068509200833878,0.0,0.00016374630654383005,0.0,0.0032587988571550863,0.0,0.0001219326524801974,0.0,0.003912835376067732,0.0,2.17982901717132e-05,0.0,0.0
GenerativeAdversarialNetwork,0.0001,8.0,45.0,True,19.0,7.19936786412771e-08,0.0001535092221919417,0.0006781985978231919,0.0004961583411918496,2.2566538036251663e-11,2.1645864547102278e-05,7.19823871787532e-08,4.6848859186121076e-05,0.0,0.0011536448952409399,0.0,3.5627953447100286e-05,0.0,0.0002396989945131492,0.0,2.2191172741815408e-05,0.0,0.00014380669858899078,0.0,3.7691244639637014e-05,0.0,0.0007454494260392099,0.0,3.1549521192225485e-05,0.0,0.0005208214498915762,0.0,4.78463018980791e-06,0.0,0.0,2.6475148236689466e-07,0.0007608075561763355,0.003164901298546941,0.0023409010104413304,9.126670069587628e-11,0.00011028198279299827,2.6470583602903214e-07,0.000228067121978076,0.0,0.005280388867432188,0.0,0.00016486777121540886,0.0,0.0011641593099390186,0.0,0.0001036225695092723,0.0,0.0007034184516600843,0.0,0.0001578796420644664,0.0,0.0032724764362071297,0.0,0.00011853724952388859,0.0,0.003911795481195989,0.0,2.212292344877555e-05,0.0,0.0
GenerativeAdversarialNetwork,0.0001,8.0,45.0,True,20.0,7.668652421433348e-08,0.00015257192509514944,0.0006781972322181228,0.0004958862644642832,2.821672216035866e-11,2.1431502205824275e-05,7.66724086604445e-08,4.619033128585455e-05,0.0,0.0011562490615070783,0.0,3.4614782428966375e-05,0.0,0.00023561063400818653,0.0,2.2180983420170223e-05,0.0,0.00014141951047506616,0.0,3.6754921540577776e-05,0.0,0.0007450242408844982,0.0,3.0311806042078692e-05,0.0,0.0005239621407259506,0.0,4.902583386277092e-06,0.0,0.0,2.845871385257199e-07,0.0007567486766749209,0.0031648982995711034,0.0023396103262151562,1.1685038401586515e-10,0.00010923421560968243,2.8452867918073803e-07,0.00022523468301731086,0.0,0.005290354661279534,0.0,0.00016191103876386797,0.0,0.001154058759317458,0.0,0.00010408370890332467,0.0,0.0006854494787612051,0.0,0.00015301451836741945,0.0,0.003287832317112377,0.0,0.00011557431996993298,0.0,0.003912137739313474,0.0,2.268472914847563e-05,0.0,0.0
GenerativeAdversarialNetwork,0.0001,8.0,45.0,True,21.0,5.992642449117153e-08,0.0001516160517529336,0.0006781920911166867,0.0004955861928328028,1.7186828181062484e-11,2.1190548220252735e-05,5.991782964366637e-08,4.566475407614541e-05,0.0,0.0011574862581570091,0.0,3.436191203298594e-05,0.0,0.00022957819411054134,0.0,2.2178342580955947e-05,0.0,0.0001379186011388938,0.0,3.6156532979718435e-05,0.0,0.0007399780088357848,0.0,2.977580354220141e-05,0.0,0.0005248242793378804,0.0,5.022209386198186e-06,0.0,0.0,2.2128580391418727e-07,0.0007525642150603,0.0031648780564841983,0.002338274844787406,7.345888537569488e-11,0.00010811235263662518,2.2124908092056853e-07,0.00022260537781055618,0.0,0.005300084738831845,0.0,0.00015856973452013244,0.0,0.0011466234547537078,0.0,0.00010207271988286912,0.0,0.0006833988353141449,0.0,0.000148181141641155,0.0,0.0032910539669060855,0.0,0.00011354943725672908,0.0,0.0039037548521029873,0.0,2.3451052406955064e-05,0.0,0.0
GenerativeAdversarialNetwork,0.0001,8.0,45.0,True,22.0,5.987536040858951e-08,0.00015054263596264822,0.0006781900025442282,0.0004952909409839188,2.140897821407198e-11,2.0933334999328676e-05,5.986465239549694e-08,4.495718488796059e-05,0.0,0.001160431889404589,0.0,3.309879763267754e-05,0.0,0.0002311424545522006,0.0,2.187694048865465e-05,0.0,0.0001354430704264628,0.0,3.486353592731239e-05,0.0,0.0007424673462171117,0.0,2.874768617741181e-05,0.0,0.0005282388543182949,0.0,5.129696500068405e-06,0.0,0.0,2.2433326325566747e-07,0.000749118391822719,0.003164870559044604,0.0023372368242755627,1.0051515175746317e-10,0.0001073744054297981,2.2428297220272416e-07,0.00022032191543459143,0.0,0.005311076634779936,0.0,0.00015479681205074743,0.0,0.0011405632743295634,0.0,0.0001015497734711605,0.0,0.0006748160476204734,0.0,0.00014248161149099938,0.0,0.0033229934344501614,0.0,0.00011002211450780712,0.0,0.003933190174822537,0.0,2.4157453258082552e-05,0.0,0.0
GenerativeAdversarialNetwork,0.0001,8.0,45.0,True,23.0,2.9686853332593134e-08,0.00014994818606787935,0.0006781818892435243,0.0004950627644428346,4.77276319693766e-12,2.0793801038011386e-05,2.9684463151099254e-08,4.44066502414945e-05,0.0,0.0011625988566630573,0.0,3.246762450894898e-05,0.0,0.00022536598527527884,0.0,2.1688268592736793e-05,0.0,0.0001332651311657178,0.0,3.4020051380212737e-05,0.0,0.0007432761057367865,0.0,2.8041620660984933e-05,0.0,0.0005283215939195329,0.0,5.203581005937327e-06,0.0,0.0,1.1071813261317991e-07,0.0007441557896961956,0.0031648401944142468,0.0023359901875070056,2.235755396331767e-11,0.00010607505228909306,1.1070694411232036e-07,0.00021747823031443469,0.0,0.005319293146079999,0.0,0.0001518427739915608,0.0,0.00113400732571224,0.0,0.00010090974985428577,0.0,0.0006633773446083069,0.0,0.0001395966904530735,0.0,0.0032827318089563144,0.0,0.00010747624174603875,0.0,0.003914136181837358,0.0,2.4432016232009954e-05,0.0,0.0
GenerativeAdversarialNetwork,0.0001,8.0,45.0,True,24.0,1.6829794964055227e-08,0.000149993783219484,0.0006781780334174473,0.0004948592491227019,1.6037722213450362e-12,2.0607090944228467e-05,1.6828990882486006e-08,4.3962803491042306e-05,0.0,0.0011636946075781255,0.0,3.1889155205851296e-05,0.0,0.00022430123505245322,0.0,2.156339605863525e-05,0.0,0.00013069599625877937,0.0,3.3499394365237405e-05,0.0,0.0007415662878607161,0.0,2.739852861654405e-05,0.0,0.0005299862263337621,0.0,5.272124213671106e-06,0.0,0.0,6.433194083104543e-08,0.000744398331867074,0.003164826324150997,0.0023350074606121713,7.931651143006196e-12,0.00010527341198996178,6.432796536678296e-08,0.00021537016116598116,0.0,0.00532731513378611,0.0,0.00014940399746849852,0.0,0.0011167927358135487,0.0,0.00010070816244719163,0.0,0.0006514207090971604,0.0,0.00013774098043546737,0.0,0.003306015482488668,0.0,0.00010510076001380225,0.0,0.003915726013903348,0.0,2.4760396764525826e-05,0.0,0.0
GenerativeAdversarialNetwork,0.0001,8.0,45.0,True,25.0,4.6939179903734724e-05,0.0001491400290210292,0.0006992275502803833,0.000494720198394796,1.0721105580140316e-05,2.0538486861636376e-05,4.019770229039488e-05,4.3591127964364226e-05,0.0,0.0011657099069517247,0.0,3.117661561686395e-05,0.0,0.0002248798298707227,0.0,2.15080438678798e-05,0.0,0.00012912534960517986,0.0,3.236581915311736e-05,0.0,0.0007457550002558213,0.0,2.6941831622804913e-05,0.0,0.0005330439365777687,0.0,5.341893704633186e-06,0.0,0.0,8.216985858648827e-05,0.0007387303143927136,0.003201750464409402,0.0023338567910704223,1.1242276684340066e-05,0.0001039993627078878,7.579271218874169e-05,0.000212998369579795,0.0,0.005338669576030704,0.0,0.00014679328356898805,0.0,0.0011088894035831188,0.0,0.00010040846401415531,0.0,0.0006426139353956067,0.0,0.00013349946799143304,0.0,0.003303128218500869,0.0,0.00010340517890528313,0.0,0.003884850433037716,0.0,2.511691173198838e-05,0.0,0.0
GenerativeAdversarialNetwork,0.0001,8.0,45.0,True,26.0,9.74913617229526e-06,0.0001484143705862873,0.0006823865872509075,0.0004945733556850258,4.23322627233025e-07,2.046012522959002e-05,9.529091759190727e-06,4.316576708841195e-05,0.0,0.0011676206607574957,0.0,2.9998758652139546e-05,0.0,0.00022724059955129083,0.0,2.1189732371636155e-05,0.0,0.00012779237848086497,0.0,3.144701797203876e-05,0.0,0.00074877620064666,0.0,2.642495010419676e-05,0.0,0.0005397130697563973,0.0,5.42092496012099e-06,0.0,0.0,3.25421503973457e-05,0.000734461412864661,0.0031793814785075637,0.002333162528163982,1.7821931927435615e-06,0.00010334216526844216,3.160747447572414e-05,0.00021146610379219055,0.0,0.005342428623704654,0.0,0.00014394526399156584,0.0,0.0010990860327234808,0.0,9.951162966167401e-05,0.0,0.000639065959543552,0.0,0.00013114885667210105,0.0,0.003306348743678639,0.0,0.00010255704276591727,0.0,0.003892856199036604,0.0,2.5551382499108524e-05,0.0,0.0
GenerativeAdversarialNetwork,0.0001,8.0,45.0,True,27.0,2.7608496044082142e-06,0.00014707962216714,0.0006792433660306699,0.0004944478405132448,3.05006402644148e-08,2.032487761138906e-05,2.7454674063185157e-06,4.294872625336814e-05,0.0,0.0011681631603172836,0.0,2.9451863945655105e-05,0.0,0.0002264265382707601,0.0,2.1010096312934818e-05,0.0,0.00012707039513035282,0.0,3.1407367729273124e-05,0.0,0.0007487578854727938,0.0,2.626821177828344e-05,0.0,0.000533540534844617,0.0,5.468554829932609e-06,0.0,0.0,8.089893274946408e-06,0.0007266330081711775,0.0031679951169955654,0.002332335373140731,8.677626231834643e-08,0.00010230375816986996,8.046138686063529e-06,0.00021012066482747877,0.0,0.005348925499992273,0.0,0.0001419358916065228,0.0,0.0011011151210317072,0.0,9.910929830944013e-05,0.0,0.0006227818956165194,0.0,0.0001294829138794785,0.0,0.003310403359011284,0.0,0.00010323359297131592,0.0,0.00385443444521922,0.0,2.580011005765237e-05,0.0,0.0
GenerativeAdversarialNetwork,0.0001,8.0,45.0,True,28.0,1.4205504336828651e-06,0.00014620630768431486,0.0006785782360323677,0.0004942211500717945,1.1631662571724916e-08,2.009923522162309e-05,1.4147004853140793e-06,4.2480951290567607e-05,0.0,0.0011696166085766303,0.0,2.8836201986855254e-05,0.0,0.00022308267351752023,0.0,2.123084110069789e-05,0.0,0.00012299832147408046,0.0,3.1139771893339334e-05,0.0,0.0007441929890460402,0.0,2.5659774472771307e-05,0.0,0.0005336744846359418,0.0,5.49646752140914e-06,0.0,0.0,4.552659848060623e-06,0.0007234146385072912,0.0031660888929786924,0.002331622179199315,3.774100133461684e-08,0.0001015527255880008,4.533679391485903e-06,0.00020874945341416124,0.0,0.005351940867092423,0.0,0.0001403461884027757,0.0,0.0010840612574943207,0.0,9.9697378727625e-05,0.0,0.0006135923307646746,0.0,0.00012858737986417686,0.0,0.0033026483823668283,0.0,0.00010313284612676632,0.0,0.0038248521726836197,0.0,2.5990556738099212e-05,0.0,0.0
GenerativeAdversarialNetwork,0.0001,8.0,45.0,True,29.0,1.35718190269369e-06,0.0001459258465432735,0.0006785573503077833,0.0004941383703057014,1.0792314180993849e-08,2.003985775930862e-05,1.3517552542417358e-06,4.2221832749335913e-05,0.0,0.0011700014508312952,0.0,2.847941004924697e-05,0.0,0.0002235329617065882,0.0,2.111803308490794e-05,0.0,0.00012098726718573557,0.0,3.07299246926192e-05,0.0,0.0007398485976730717,0.0,2.529664652929152e-05,0.0,0.000536291586420928,0.0,5.553030933572275e-06,0.0,0.0,4.0698972231936906e-06,0.0007195077227346552,0.003165950190346196,0.002330714614136414,3.033109059511192e-08,0.00010041979217679245,4.054651941237209e-06,0.000206804687871873,0.0,0.0053552798754053724,0.0,0.00013948928963088388,0.0,0.0010712682825964202,0.0,9.836169814913528e-05,0.0,0.0005921400005712449,0.0,0.00012812073453792236,0.0,0.003295837333367306,0.0,0.00010326236439575939,0.0,0.003804258955349712,0.0,2.6178625324424707e-05,0.0,0.0
GenerativeAdversarialNetwork,0.0001,8.0,45.0,True,30.0,1.1879645446139687e-06,0.00014528980594118328,0.0006785134099564462,0.0004939154151957632,8.060939181801572e-09,1.980860107590889e-05,1.1839147191494703e-06,4.172911792190249e-05,0.0,0.001172351672988778,0.0,2.7656517521229715e-05,0.0,0.0002221628782562811,0.0,2.0982235710254578e-05,0.0,0.00011889041072596116,0.0,3.0074381543137634e-05,0.0,0.0007399620232235068,0.0,2.5057399550056202e-05,0.0,0.0005324056367025864,0.0,5.570982113440403e-06,0.0,0.0,3.3099493509709085e-06,0.0007152568150616292,0.0031657526328128837,0.0023296093041042113,1.9374177689131777e-08,9.909205419837304e-05,3.300222082051841e-06,0.00020487737730614044,0.0,0.00536491619915846,0.0,0.00013931684852021295,0.0,0.0010480416833229785,0.0,9.853597847545672e-05,0.0,0.0005790320394923852,0.0,0.00012495249228657417,0.0,0.003260296845586045,0.0,0.00010383643397370224,0.0,0.0037600225622548998,0.0,2.617274452024286e-05,0.0,0.0
GenerativeAdversarialNetwork,0.0001,8.0,45.0,True,31.0,7.196591233186966e-07,0.00014469944282040763,0.0006783717083481122,0.0004937709823772913,3.2380530266690562e-09,1.9647486035955562e-05,7.180349569958497e-07,4.138497289300286e-05,0.0,0.0011738092656604416,0.0,2.7511366755975224e-05,0.0,0.00021900112095547494,0.0,2.0748266643992654e-05,0.0,0.00011831750927588367,0.0,2.9415959075615413e-05,0.0,0.0007400236361110306,0.0,2.501233207247649e-05,0.0,0.0005294146804475399,0.0,5.607279845967768e-06,0.0,0.0,1.9995166199668397e-06,0.0007137401767496793,0.0031653590172341785,0.0023291817626113413,7.733994018236679e-09,9.85732430931907e-05,1.9956394040125346e-06,0.0002039053108332292,0.0,0.0053652666274751504,0.0,0.0001373170236559034,0.0,0.001040084182091479,0.0,9.800774871178394e-05,0.0,0.0005736574062011527,0.0,0.0001239433486319188,0.0,0.0032560851588938973,0.0,0.00010359996004299548,0.0,0.003780466580540879,0.0,2.642634541452306e-05,0.0,0.0
