bb_filename,cc_filename,shape,sample,gain,avg,freq,rtime,dtime,bb_1,bb_2,bb_3,bb_4,bb_5,bb_6,bb_7,bb_8,bb_9,bb_10,bb_11,bb_12,bb_13,bb_14,bb_15,bb_16,bb_17,bb_18,bb_19,bb_20,bb_21,bb_22,bb_23,bb_24,bb_25,bb_26,bb_27,bb_28,bb_29,bb_30,bb_31,bb_32,bb_33,bb_34,bb_35,bb_36,bb_37,bb_38,bb_39,bb_40,bb_41,bb_42,bb_43,bb_44,bb_45,bb_46,bb_47,bb_48,bb_49,bb_50,bb_51,bb_52,bb_53,bb_54,bb_55,bb_56,bb_57,bb_58,bb_59,bb_60,bb_61,bb_62,bb_63,bb_64,bb_65,bb_66,bb_67,bb_68,bb_69,bb_70,bb_71,bb_72,bb_73,bb_74,bb_75,bb_76,bb_77,bb_78,bb_79,bb_80,bb_81,bb_82,bb_83,bb_84,bb_85,bb_86,bb_87,bb_88,bb_89,bb_90,bb_91,bb_92,bb_93,bb_94,bb_95,bb_96,bb_97,bb_98,bb_99,bb_100,bb_101,bb_102,bb_103,bb_104,bb_105,bb_106,bb_107,bb_108,bb_109,bb_110,bb_111,bb_112,bb_113,bb_114,bb_115,bb_116,bb_117,bb_118,bb_119,bb_120,cc_1,cc_2,cc_3,cc_4,cc_5,cc_6,cc_7,cc_8,cc_9,cc_10,cc_11,cc_12,cc_13,cc_14,cc_15,cc_16,cc_17,cc_18,cc_19,cc_20,cc_21,cc_22,cc_23,cc_24,cc_25,cc_26,cc_27,cc_28,cc_29,cc_30,cc_31,cc_32,cc_33,cc_34,cc_35,cc_36,cc_37,cc_38,cc_39,cc_40,cc_41,cc_42,cc_43,cc_44,cc_45,cc_46,cc_47,cc_48,cc_49,cc_50,cc_51,cc_52,cc_53,cc_54,cc_55,cc_56,cc_57,cc_58,cc_59,cc_60,cc_61,cc_62,cc_63,cc_64,cc_65,cc_66,cc_67,cc_68,cc_69,cc_70,cc_71,cc_72,cc_73,cc_74,cc_75,cc_76,cc_77,cc_78,cc_79,cc_80,cc_81,cc_82,cc_83,cc_84,cc_85,cc_86,cc_87,cc_88,cc_89,cc_90,cc_91,cc_92,cc_93,cc_94,cc_95,cc_96,cc_97,cc_98,cc_99,cc_100,cc_101,cc_102,cc_103,cc_104,cc_105,cc_106,cc_107,cc_108,cc_109,cc_110,cc_111,cc_112,cc_113,cc_114,cc_115,cc_116,cc_117,cc_118,cc_119,cc_120
snapshot_730793.png,snapshot_461696.png,T,R,7,5,20000,201252124109,1721.729968,15607.8,1523.4,629.8,4552.4,4552.6,1128.4,538.2,1354.4,4503,608,399.6,479,458.2,320.6,310.8,14586.2,981.8,4595.4,4594.2,3906.8,738.8,923.2,4510.8,880,486.4,364.2,396.8,411.6,335.2,14294,4572.4,4541.4,14814.8,3773.6,420.8,4381.8,1197.6,880,277.2,332.6,420.8,369.6,4798.8,4783,3968.8,15655,312.8,4598.4,895.6,1338.8,278,298.4,415.2,450.4,3614.6,913,210.8,15038.4,3606,745,293.2,1164.4,760.6,427.2,253.2,13285.8,854.6,3700.4,3133.8,3583.6,767.2,746.8,1062,798.6,367,13182.6,766.8,4538.2,13804.4,3586.4,344.2,696,1110.4,741,297.8,5050.6,3764,14743.4,286.6,361.8,847.4,1177.4,4883.2,1000,286,14609,3782.2,866.4,344.2,13062,916.4,3550.6,13693.6,3595,723.6,13041,652,3391.2,13643.6,3456,261.2,648.6,3733.8,14511.6,177.6,12811.6,1137.2,14592,1133.4,13035.6,15577,1522.6,625.6,4365.8,4364.8,1137.4,550,1350.8,4317.6,586.8,334.6,468,461.6,310.2,306.4,14575.6,990.8,4672.4,4671.8,3924.8,778.6,928.6,4567.6,841.8,359.2,361.4,407.2,413.8,349.2,14297.2,4484.6,4458.8,14855.8,3862.4,423,4364.2,1160.6,612.2,269.6,339,430.4,403.4,4826,4809.4,4004,15739.6,315.6,4626.6,873,964.8,269.2,305,430.8,492,3267.6,926.8,198.6,15034.8,3266.8,696.6,216.8,1166.6,766,420.6,251.2,13353.8,952.2,3707.4,3232.8,3455.8,505.2,751.8,1090,808.8,421,13464,779.2,4600.6,13106.6,2351.8,356.6,765.2,1230.2,952.8,317.2,5075.2,3886.8,11870.2,275,423,1030.8,1506.2,4941.4,934.2,243.4,14609.6,3800.6,850.8,361.8,12605.2,556.8,3566.4,13801,3508.6,853.2,8006.2,585.6,3177,10946.8,3155.2,261.2,382.2,2341.6,10327.4,163.2,12492.8,1290.2,14259.6,1288.6,13153
snapshot_730793.png,snapshot_953147.png,T,R,7,5,20000,201311317898,1728.2436953,15607.8,1523.4,629.8,4552.4,4552.6,1128.4,538.2,1354.4,4503,608,399.6,479,458.2,320.6,310.8,14586.2,981.8,4595.4,4594.2,3906.8,738.8,923.2,4510.8,880,486.4,364.2,396.8,411.6,335.2,14294,4572.4,4541.4,14814.8,3773.6,420.8,4381.8,1197.6,880,277.2,332.6,420.8,369.6,4798.8,4783,3968.8,15655,312.8,4598.4,895.6,1338.8,278,298.4,415.2,450.4,3614.6,913,210.8,15038.4,3606,745,293.2,1164.4,760.6,427.2,253.2,13285.8,854.6,3700.4,3133.8,3583.6,767.2,746.8,1062,798.6,367,13182.6,766.8,4538.2,13804.4,3586.4,344.2,696,1110.4,741,297.8,5050.6,3764,14743.4,286.6,361.8,847.4,1177.4,4883.2,1000,286,14609,3782.2,866.4,344.2,13062,916.4,3550.6,13693.6,3595,723.6,13041,652,3391.2,13643.6,3456,261.2,648.6,3733.8,14511.6,177.6,12811.6,1137.2,14592,1133.4,13035.6,15578.2,1508.8,613.6,4029.4,4030.8,1122.6,537,1342.2,3995.2,560,317,452.8,439,286,287.4,14567.2,989.4,4671.4,4668.6,3923.6,779.2,924,4574.2,842.4,351.8,354.2,405.6,413.2,350.4,14296.6,4503.6,4475.8,14849.6,3863.4,419,4370.4,1161.8,606,264.8,339.6,427.2,402.6,4819.2,4809,4001.4,15737.2,308.4,4624.8,872.2,965.4,259,297,427,489.4,3056.6,928.4,187.4,15025.4,3055.6,696.8,200.2,1169.4,765.6,413.2,244,13331.2,952.2,3707.8,2862.4,3454.4,500.8,752.6,1089.8,806.8,416.6,13464.4,777.8,4593.2,13110.2,2349.4,350.8,766.4,1232.8,951.6,316.6,5137.2,3890.6,11854.4,270.6,421.4,1032.4,1507.8,4932.2,937,233.6,14607,3799,851.2,361.8,12602.2,560.8,3567.8,13789.6,3513,853.6,7980.6,582.4,3179.6,10936.2,3158.6,258.6,376.2,2338.6,10301.8,161.2,12426.2,1293.6,14258.6,1285.8,13154.2
snapshot_730793.png,snapshot_477113.png,T,R,7,5,20000,201376244510,1734.1340163,15607.8,1523.4,629.8,4552.4,4552.6,1128.4,538.2,1354.4,4503,608,399.6,479,458.2,320.6,310.8,14586.2,981.8,4595.4,4594.2,3906.8,738.8,923.2,4510.8,880,486.4,364.2,396.8,411.6,335.2,14294,4572.4,4541.4,14814.8,3773.6,420.8,4381.8,1197.6,880,277.2,332.6,420.8,369.6,4798.8,4783,3968.8,15655,312.8,4598.4,895.6,1338.8,278,298.4,415.2,450.4,3614.6,913,210.8,15038.4,3606,745,293.2,1164.4,760.6,427.2,253.2,13285.8,854.6,3700.4,3133.8,3583.6,767.2,746.8,1062,798.6,367,13182.6,766.8,4538.2,13804.4,3586.4,344.2,696,1110.4,741,297.8,5050.6,3764,14743.4,286.6,361.8,847.4,1177.4,4883.2,1000,286,14609,3782.2,866.4,344.2,13062,916.4,3550.6,13693.6,3595,723.6,13041,652,3391.2,13643.6,3456,261.2,648.6,3733.8,14511.6,177.6,12811.6,1137.2,14592,1133.4,13035.6,15581.4,1513,614.6,4009,4007.4,1123,535.6,1342.8,3977.4,563.8,315.2,452.4,439.6,282.6,288.4,14573.8,984.6,4613.4,4618.2,3922.8,777.4,925,4541.8,840.4,353,360.6,400.4,410.8,349,14282,4540,4511,14836.4,3859,421.8,4384.4,1162.2,609,267.4,337.2,432,404.8,4830.8,4816.4,4001,15730.8,309,4632.8,869.4,960.2,269,298.4,428,490.8,3078.4,925.2,189,15024.2,3070.6,694.4,201.8,1165.2,767.8,417.4,243.8,13327.6,951,3708.4,2872.8,3457.4,499.2,749.8,1090,811,416.8,13471.4,777,4568.2,13112.4,2350.8,353,761.2,1229.8,952.6,315.2,5146.6,3893.6,11843.2,276.6,426,1033,1507.6,4934.4,933.8,233,14605.2,3800.8,847,361.4,12598.2,563,3569.2,13780.2,3509.2,852.8,7973.4,585.4,3180.6,10932.2,3157.2,262.8,379.4,2339.6,10290,161.2,12453.6,1291.2,14259.6,1287.4,13150.2
snapshot_730793.png,snapshot_338361.png,T,R,7,5,20000,201434994264,1739.9293708,15607.8,1523.4,629.8,4552.4,4552.6,1128.4,538.2,1354.4,4503,608,399.6,479,458.2,320.6,310.8,14586.2,981.8,4595.4,4594.2,3906.8,738.8,923.2,4510.8,880,486.4,364.2,396.8,411.6,335.2,14294,4572.4,4541.4,14814.8,3773.6,420.8,4381.8,1197.6,880,277.2,332.6,420.8,369.6,4798.8,4783,3968.8,15655,312.8,4598.4,895.6,1338.8,278,298.4,415.2,450.4,3614.6,913,210.8,15038.4,3606,745,293.2,1164.4,760.6,427.2,253.2,13285.8,854.6,3700.4,3133.8,3583.6,767.2,746.8,1062,798.6,367,13182.6,766.8,4538.2,13804.4,3586.4,344.2,696,1110.4,741,297.8,5050.6,3764,14743.4,286.6,361.8,847.4,1177.4,4883.2,1000,286,14609,3782.2,866.4,344.2,13062,916.4,3550.6,13693.6,3595,723.6,13041,652,3391.2,13643.6,3456,261.2,648.6,3733.8,14511.6,177.6,12811.6,1137.2,14592,1133.4,13035.6,15566.8,1512.6,611.6,3984.4,3983.2,1114.4,535.8,1342,3952.6,563.8,315.6,451.6,434.6,291.4,290,14557.4,987,4665.2,4663.2,3922.4,776.6,922.8,4569.6,843.2,355.8,355.4,404,413.6,351.8,14294,4533.2,4503.4,14833.6,3860.8,420.6,4384.8,1161,606.4,264.8,342.4,433.2,402.4,4843.6,4830.8,4000.2,15725.4,308.2,4633.2,869.4,963.2,263.2,304.2,430.8,488.6,2944.8,926,184.8,15022,2962.8,691.8,200.6,1167.6,766,414.6,242.2,13305.4,951.6,3709,2778,3454.4,497,751,1090.6,809.6,415,13459.8,775.8,4578,13109.2,2347.2,348.8,763.4,1229,952.2,314.4,5056.2,3888.8,11849.6,272.2,423,1031,1505.6,4934.8,935.2,241,14602.2,3795.4,848.2,359.8,12598.8,562.8,3568.8,13779.2,3508.2,852.8,7966.8,583.4,3176,10925.6,3156.6,260.6,382.2,2334.4,10286.6,188.6,12651.2,1294,14257.2,1285.6,13175
snapshot_730793.png,snapshot_989212.png,T,R,7,5,20000,201492950157,1745.7591167,15607.8,1523.4,629.8,4552.4,4552.6,1128.4,538.2,1354.4,4503,608,399.6,479,458.2,320.6,310.8,14586.2,981.8,4595.4,4594.2,3906.8,738.8,923.2,4510.8,880,486.4,364.2,396.8,411.6,335.2,14294,4572.4,4541.4,14814.8,3773.6,420.8,4381.8,1197.6,880,277.2,332.6,420.8,369.6,4798.8,4783,3968.8,15655,312.8,4598.4,895.6,1338.8,278,298.4,415.2,450.4,3614.6,913,210.8,15038.4,3606,745,293.2,1164.4,760.6,427.2,253.2,13285.8,854.6,3700.4,3133.8,3583.6,767.2,746.8,1062,798.6,367,13182.6,766.8,4538.2,13804.4,3586.4,344.2,696,1110.4,741,297.8,5050.6,3764,14743.4,286.6,361.8,847.4,1177.4,4883.2,1000,286,14609,3782.2,866.4,344.2,13062,916.4,3550.6,13693.6,3595,723.6,13041,652,3391.2,13643.6,3456,261.2,648.6,3733.8,14511.6,177.6,12811.6,1137.2,14592,1133.4,13035.6,15553.6,1514.2,619.2,4165.2,4165.4,1119,536.4,1344.8,4130.2,566.4,327.6,462,447.2,291.4,293.4,14560.6,982.8,4610.4,4612.4,3922.4,779.6,922.4,4537.6,840.2,353.6,361,405.2,409.2,346.2,14269.8,4623.8,4592,14816.4,3855,425,4417.4,1164.6,609.4,269,343.4,431.8,403.6,4780.4,4763,3995.6,15727.6,317,4615.6,867.2,959.6,268.2,306.8,429.8,490.6,2976,923.6,185,15019.2,2994.4,694.4,195.2,1164.8,768.6,416,241.4,13321.6,949,3703.4,2897,3456.6,498.2,748.8,1089.2,809.2,418.2,13463.4,773.2,4565.6,13108.8,2349.8,354.4,762.6,1228.4,950,321.8,5076.2,3889,11843.6,277,425.6,1032.8,1509,4954.8,932.2,233.2,14600.4,3797.6,849,359,12596.2,558.4,3569.2,13786,3507.6,851,7964.4,583.4,3179,10928,3152.6,263.8,382.6,2337.8,10285.2,375.2,12788,1294.6,14260.6,1288.2,13151.6
snapshot_730793.png,snapshot_90095.png,T,R,7,5,20000,201607239033,1757.1853429,15607.8,1523.4,629.8,4552.4,4552.6,1128.4,538.2,1354.4,4503,608,399.6,479,458.2,320.6,310.8,14586.2,981.8,4595.4,4594.2,3906.8,738.8,923.2,4510.8,880,486.4,364.2,396.8,411.6,335.2,14294,4572.4,4541.4,14814.8,3773.6,420.8,4381.8,1197.6,880,277.2,332.6,420.8,369.6,4798.8,4783,3968.8,15655,312.8,4598.4,895.6,1338.8,278,298.4,415.2,450.4,3614.6,913,210.8,15038.4,3606,745,293.2,1164.4,760.6,427.2,253.2,13285.8,854.6,3700.4,3133.8,3583.6,767.2,746.8,1062,798.6,367,13182.6,766.8,4538.2,13804.4,3586.4,344.2,696,1110.4,741,297.8,5050.6,3764,14743.4,286.6,361.8,847.4,1177.4,4883.2,1000,286,14609,3782.2,866.4,344.2,13062,916.4,3550.6,13693.6,3595,723.6,13041,652,3391.2,13643.6,3456,261.2,648.6,3733.8,14511.6,177.6,12811.6,1137.2,14592,1133.4,13035.6,15687.6,1581.4,633.4,4256.8,4263,1098.4,552,1393.8,4218.4,654.6,397.6,476.6,467,316.2,293.8,14842,1035.6,4672,4666,3523.4,819,1031,4571,1073.6,527.2,375.2,441.6,455.6,345,14333.8,4528.8,4502,13224.6,3876.6,473.8,4373,1372.2,927.4,279.4,361.8,452.2,380,4748.2,4736.2,3662.2,15659.4,318.4,4595,933,1352.8,268.6,299.6,428,456.6,3104,1025,202.6,15210,3122,913.4,313.2,1200.6,816.8,463.8,244.6,7719.6,377.8,2262.2,3159.4,1962.2,443.6,440.6,618.4,486.4,241.8,12874.4,815.4,4574,13702.6,3501,342.2,742.4,1137.6,720.6,316.6,5090,3824.8,14750.8,278.4,377.4,869.2,1188.2,4970.6,1097.4,308.2,14612.2,3821.4,905.8,353.2,12053,975.2,3585,13727,3639.8,746.2,13076,669.2,3418.6,13609.6,3464,251.4,673.8,3757.2,14515.2,173.6,12849,1154.4,14655,1151.4,13061.4
snapshot_730793.png,snapshot_73562.png,T,R,7,5,20000,201665690895,1762.9479425,15607.8,1523.4,629.8,4552.4,4552.6,1128.4,538.2,1354.4,4503,608,399.6,479,458.2,320.6,310.8,14586.2,981.8,4595.4,4594.2,3906.8,738.8,923.2,4510.8,880,486.4,364.2,396.8,411.6,335.2,14294,4572.4,4541.4,14814.8,3773.6,420.8,4381.8,1197.6,880,277.2,332.6,420.8,369.6,4798.8,4783,3968.8,15655,312.8,4598.4,895.6,1338.8,278,298.4,415.2,450.4,3614.6,913,210.8,15038.4,3606,745,293.2,1164.4,760.6,427.2,253.2,13285.8,854.6,3700.4,3133.8,3583.6,767.2,746.8,1062,798.6,367,13182.6,766.8,4538.2,13804.4,3586.4,344.2,696,1110.4,741,297.8,5050.6,3764,14743.4,286.6,361.8,847.4,1177.4,4883.2,1000,286,14609,3782.2,866.4,344.2,13062,916.4,3550.6,13693.6,3595,723.6,13041,652,3391.2,13643.6,3456,261.2,648.6,3733.8,14511.6,177.6,12811.6,1137.2,14592,1133.4,13035.6,15668.4,1568,620.8,4123.2,4128,1089,541.6,1384.8,4085,647,385.2,465.8,453,302,287.2,14835.6,1033.4,4607.2,4603.6,3526.8,817.4,1031.8,4538,1072.2,523.4,374.2,439.8,452.8,345.2,14343,4531.4,4503.6,13217.6,3875,472.4,4379.4,1373.6,927.8,274.4,356.6,451,381.8,4819.4,4804.2,3661.8,15650.8,314,4620.2,937,1351,257.4,292.8,426.6,455.4,2973.2,1024,190.8,15214.4,3007.6,913.2,308.6,1201,814.6,463.4,243.6,7677.4,369.6,2258,2896.2,1957.6,439,435,612,483.2,235.8,12880.6,818,4574.4,13702,3502.8,341.4,744,1137.8,718.2,308.8,5022.4,3825.8,14761.6,268,372.6,868.4,1186.4,4999.6,1100.2,304.6,14612.6,3824.4,907,352.6,12044.2,972,3587.2,13734.8,3643.8,742.2,13091.2,670.6,3420.2,13611.2,3464,243.8,670.4,3759.4,14516.8,170.4,12777.4,1153,14654.8,1154.2,13064
snapshot_730793.png,snapshot_758107.png,T,R,7,5,20000,201723122454,1768.6346178,15607.8,1523.4,629.8,4552.4,4552.6,1128.4,538.2,1354.4,4503,608,399.6,479,458.2,320.6,310.8,14586.2,981.8,4595.4,4594.2,3906.8,738.8,923.2,4510.8,880,486.4,364.2,396.8,411.6,335.2,14294,4572.4,4541.4,14814.8,3773.6,420.8,4381.8,1197.6,880,277.2,332.6,420.8,369.6,4798.8,4783,3968.8,15655,312.8,4598.4,895.6,1338.8,278,298.4,415.2,450.4,3614.6,913,210.8,15038.4,3606,745,293.2,1164.4,760.6,427.2,253.2,13285.8,854.6,3700.4,3133.8,3583.6,767.2,746.8,1062,798.6,367,13182.6,766.8,4538.2,13804.4,3586.4,344.2,696,1110.4,741,297.8,5050.6,3764,14743.4,286.6,361.8,847.4,1177.4,4883.2,1000,286,14609,3782.2,866.4,344.2,13062,916.4,3550.6,13693.6,3595,723.6,13041,652,3391.2,13643.6,3456,261.2,648.6,3733.8,14511.6,177.6,12811.6,1137.2,14592,1133.4,13035.6,15657.6,1577.4,624,4031.2,4034.2,1081.4,539.4,1390.2,4000.6,640.6,381,465,450.4,295,282.6,14810.2,1031.2,4665.6,4659.6,3526,817.4,1029.8,4566.8,1076.8,529.6,371.4,441,447.4,343.6,14332.2,4500.4,4468.4,13213.6,3877,476.4,4366.6,1372.4,924.8,269.8,365,451.4,378.6,4797.6,4786.6,3662.4,15650.6,322.6,4616.2,929.6,1351.2,258.8,305.8,420.6,453,2999,1026.8,195.8,15209.2,3028.8,912.2,307.8,1202.4,818.2,460,237.6,7669,371.2,2254.6,2984.6,1955,434.6,433.6,615.6,484.2,235.4,12865.4,816.4,4580.6,13704.6,3504,337.8,741.8,1138.2,721.4,315.8,5005.6,3821,14759,270.8,379.4,868,1186.8,4918,1094.8,299.4,14616.6,3818.2,900.8,351.6,12058.6,976.2,3585.2,13723,3640.4,746.2,13077.6,666.2,3415.2,13611.8,3461.4,246.2,677.4,3758.2,14511.8,354.2,13167.8,1159,14656.6,1149.6,13032.4
snapshot_730793.png,snapshot_315994.png,T,R,7,5,20000,201780300418,1774.4761249,15607.8,1523.4,629.8,4552.4,4552.6,1128.4,538.2,1354.4,4503,608,399.6,479,458.2,320.6,310.8,14586.2,981.8,4595.4,4594.2,3906.8,738.8,923.2,4510.8,880,486.4,364.2,396.8,411.6,335.2,14294,4572.4,4541.4,14814.8,3773.6,420.8,4381.8,1197.6,880,277.2,332.6,420.8,369.6,4798.8,4783,3968.8,15655,312.8,4598.4,895.6,1338.8,278,298.4,415.2,450.4,3614.6,913,210.8,15038.4,3606,745,293.2,1164.4,760.6,427.2,253.2,13285.8,854.6,3700.4,3133.8,3583.6,767.2,746.8,1062,798.6,367,13182.6,766.8,4538.2,13804.4,3586.4,344.2,696,1110.4,741,297.8,5050.6,3764,14743.4,286.6,361.8,847.4,1177.4,4883.2,1000,286,14609,3782.2,866.4,344.2,13062,916.4,3550.6,13693.6,3595,723.6,13041,652,3391.2,13643.6,3456,261.2,648.6,3733.8,14511.6,177.6,12811.6,1137.2,14592,1133.4,13035.6,15634.4,1572.4,615.2,3940.2,3939.6,1079.6,535.6,1382.2,3906.6,636.2,374.8,464.2,440,293.2,285,14793.2,1035.2,4748.2,4746,3526.2,820.6,1026.8,4616.4,1076.4,529.2,381.6,439.2,447.6,342.8,14317.2,4657.4,4626.2,13194,3870,474,4432.6,1377.4,926.4,280.2,360.8,450,381.2,4848.6,4831.2,3657.8,15644,315,4634.8,935,1350.8,268.2,296.4,425.8,452.6,2900,1024,187.8,15213.8,2959,911,302,1202.6,815.8,458.8,244.2,7666.4,370,2254.8,3005,1953.6,437.6,436.4,612.2,484.4,240.8,12856.2,814.6,4602.2,13695.2,3501.2,345.6,740.6,1134.2,719.6,315.6,5043,3821.2,14749.4,276.6,373.6,870.4,1187,4885.2,1093,294.6,14612.8,3822.8,903.2,350.6,12039,978.6,3583,13726.4,3642.4,741.2,13069.8,674.6,3419.8,13603.2,3462.6,254,674,3762,14512,174.4,12785.4,1157.8,14653.4,1152.2,13033.6
snapshot_730793.png,snapshot_165815.png,T,R,7,5,20000,201838402200,1780.2796995,15607.8,1523.4,629.8,4552.4,4552.6,1128.4,538.2,1354.4,4503,608,399.6,479,458.2,320.6,310.8,14586.2,981.8,4595.4,4594.2,3906.8,738.8,923.2,4510.8,880,486.4,364.2,396.8,411.6,335.2,14294,4572.4,4541.4,14814.8,3773.6,420.8,4381.8,1197.6,880,277.2,332.6,420.8,369.6,4798.8,4783,3968.8,15655,312.8,4598.4,895.6,1338.8,278,298.4,415.2,450.4,3614.6,913,210.8,15038.4,3606,745,293.2,1164.4,760.6,427.2,253.2,13285.8,854.6,3700.4,3133.8,3583.6,767.2,746.8,1062,798.6,367,13182.6,766.8,4538.2,13804.4,3586.4,344.2,696,1110.4,741,297.8,5050.6,3764,14743.4,286.6,361.8,847.4,1177.4,4883.2,1000,286,14609,3782.2,866.4,344.2,13062,916.4,3550.6,13693.6,3595,723.6,13041,652,3391.2,13643.6,3456,261.2,648.6,3733.8,14511.6,177.6,12811.6,1137.2,14592,1133.4,13035.6,15613.6,1569,624.4,3956,3955.6,1085.4,536.4,1383.4,3923.2,636.6,365.4,459.2,445.4,289.2,280.8,14805.8,1031.2,4654.6,4655,3524.4,816.4,1029,4564.2,1072.6,527.6,377,437,446.8,344,14324,4622.4,4594.2,13194.8,3867.8,474.8,4419.2,1373.4,927.4,274.6,358.8,449.4,385,4770.6,4756.2,3658.4,15642.2,311.6,4607.6,932,1346,259.2,296,420.8,453.8,2851.2,1026,190,15202.2,2847.6,910.4,308.4,1200.6,814.4,460.6,241.4,7647.4,371.4,2254.4,3067,1955,439.8,434,612.4,486.6,241.2,12869.8,816.8,4575.4,13693.2,3500.6,340.8,736.8,1136.6,721.6,310.8,5040.6,3823,14748.2,266.6,377,868,1186.2,4962.8,1096.6,307,14608.2,3824.8,901,352.6,12051.6,976.6,3585.6,13719.8,3641.8,740,13071.2,670.2,3416,13607.8,3463.2,243.2,673.4,3762.2,14508.8,169.8,12824.4,1154,14653.2,1152.8,13035
snapshot_730793.png,snapshot_185660.png,T,R,7,5,20000,202067631788,1803.1859418,15607.8,1523.4,629.8,4552.4,4552.6,1128.4,538.2,1354.4,4503,608,399.6,479,458.2,320.6,310.8,14586.2,981.8,4595.4,4594.2,3906.8,738.8,923.2,4510.8,880,486.4,364.2,396.8,411.6,335.2,14294,4572.4,4541.4,14814.8,3773.6,420.8,4381.8,1197.6,880,277.2,332.6,420.8,369.6,4798.8,4783,3968.8,15655,312.8,4598.4,895.6,1338.8,278,298.4,415.2,450.4,3614.6,913,210.8,15038.4,3606,745,293.2,1164.4,760.6,427.2,253.2,13285.8,854.6,3700.4,3133.8,3583.6,767.2,746.8,1062,798.6,367,13182.6,766.8,4538.2,13804.4,3586.4,344.2,696,1110.4,741,297.8,5050.6,3764,14743.4,286.6,361.8,847.4,1177.4,4883.2,1000,286,14609,3782.2,866.4,344.2,13062,916.4,3550.6,13693.6,3595,723.6,13041,652,3391.2,13643.6,3456,261.2,648.6,3733.8,14511.6,177.6,12811.6,1137.2,14592,1133.4,13035.6,14631.4,1754.6,656.4,4446.8,4452.2,1068.2,572.8,1381.8,4396.2,647.8,404.2,485.2,462.2,322.4,305.4,12848.4,860.6,4669.8,4663.6,2630.2,697.6,867.8,4594.4,858,457,335.6,379.6,397.4,320,14550.2,4507.6,4479.6,11420.8,4141.6,505.6,4368.2,1477.2,989.6,287.6,371,465.6,394.8,4785,4771.8,3074.8,15713.8,327,4614.8,952.6,1362.6,266.8,299.2,427.2,459.4,3488,897.2,210.2,15083.2,3499,832,308.4,1178.4,783.2,443,252,8509.4,603,2878,3130,2508.8,565.8,556.8,753.4,579.6,283.4,11640,728.8,4623.2,13198,3222.6,312.2,634,1005.8,648.8,316.8,5044.4,3856.8,14773.8,275.6,367.6,860.6,1190,4967.8,1055.6,298.4,14600.4,3794.4,882.6,347.6,13224.6,956.6,3580,13731.6,3629,739.6,13061.6,659.6,3410.2,13655.2,3467.4,250.8,652.6,3734.2,14511,173.2,12775.8,1140.2,14589.4,1138.2,13045.4
snapshot_730793.png,snapshot_334953.png,T,R,7,5,20000,202125504821,1809.5395993,15607.8,1523.4,629.8,4552.4,4552.6,1128.4,538.2,1354.4,4503,608,399.6,479,458.2,320.6,310.8,14586.2,981.8,4595.4,4594.2,3906.8,738.8,923.2,4510.8,880,486.4,364.2,396.8,411.6,335.2,14294,4572.4,4541.4,14814.8,3773.6,420.8,4381.8,1197.6,880,277.2,332.6,420.8,369.6,4798.8,4783,3968.8,15655,312.8,4598.4,895.6,1338.8,278,298.4,415.2,450.4,3614.6,913,210.8,15038.4,3606,745,293.2,1164.4,760.6,427.2,253.2,13285.8,854.6,3700.4,3133.8,3583.6,767.2,746.8,1062,798.6,367,13182.6,766.8,4538.2,13804.4,3586.4,344.2,696,1110.4,741,297.8,5050.6,3764,14743.4,286.6,361.8,847.4,1177.4,4883.2,1000,286,14609,3782.2,866.4,344.2,13062,916.4,3550.6,13693.6,3595,723.6,13041,652,3391.2,13643.6,3456,261.2,648.6,3733.8,14511.6,177.6,12811.6,1137.2,14592,1133.4,13035.6,14593,1734,642.6,3938.6,3937.6,1045.2,553.4,1369,3909.4,620.6,372,460,442.4,291,281.4,12846.6,857.2,4730,4729.6,2633.8,695.6,862.8,4634.2,861.2,461.2,335.8,377.8,390.2,321.2,14562.6,4536,4507.4,11408.2,4138.6,507.8,4386.4,1477.2,986.4,282.2,374.6,467.2,396.2,4774.2,4763,3074.8,15709.8,317,4616.6,948.2,1358,266.2,306.6,421.6,453.2,3015.2,895.2,192.8,15093.2,3054,824.8,294.2,1180.6,783.2,435.4,237,8493.4,601.6,2885.8,2910.8,2507.2,558.6,552.2,755.2,583.2,281.2,11621.4,726.8,4650.4,13191.4,3226.2,309,629.6,1005.6,652.2,310.2,5044.2,3855.2,14768.2,273.4,375.6,861.2,1186.2,4945.6,1053,295.6,14603,3794,875.2,346,13228.4,955.2,3582.6,13735.4,3629.8,735.2,13077.6,661.4,3409,13653.6,3465,248.8,658,3739.4,14503.8,313,13094.4,1145.6,14591.8,1136.8,13022.4
snapshot_730793.png,snapshot_964593.png,T,R,7,5,20000,202189132901,1815.397123,15607.8,1523.4,629.8,4552.4,4552.6,1128.4,538.2,1354.4,4503,608,399.6,479,458.2,320.6,310.8,14586.2,981.8,4595.4,4594.2,3906.8,738.8,923.2,4510.8,880,486.4,364.2,396.8,411.6,335.2,14294,4572.4,4541.4,14814.8,3773.6,420.8,4381.8,1197.6,880,277.2,332.6,420.8,369.6,4798.8,4783,3968.8,15655,312.8,4598.4,895.6,1338.8,278,298.4,415.2,450.4,3614.6,913,210.8,15038.4,3606,745,293.2,1164.4,760.6,427.2,253.2,13285.8,854.6,3700.4,3133.8,3583.6,767.2,746.8,1062,798.6,367,13182.6,766.8,4538.2,13804.4,3586.4,344.2,696,1110.4,741,297.8,5050.6,3764,14743.4,286.6,361.8,847.4,1177.4,4883.2,1000,286,14609,3782.2,866.4,344.2,13062,916.4,3550.6,13693.6,3595,723.6,13041,652,3391.2,13643.6,3456,261.2,648.6,3733.8,14511.6,177.6,12811.6,1137.2,14592,1133.4,13035.6,14597.8,1738.6,639.8,3935,3938.6,1043.8,549,1366.8,3907.4,625.2,369.4,457.2,441,292.6,291.2,12846.8,856.2,4690.4,4688.6,2632.4,698.2,863,4610.6,858.2,459.6,333.2,374.2,391.8,319,14538.2,4601.2,4567.4,11397.4,4138.8,506.8,4411.6,1482.8,989.8,278.6,370.8,467,398.8,4762.4,4749.6,3071.8,15708.2,318.8,4611.2,947.2,1358.6,259.2,296.8,423.6,459.4,3058.6,892.4,193.4,15089.8,3111,827.8,292.8,1177.8,783.8,437.8,242.6,8503.8,601.4,2881.6,2923.2,2512,558.4,551.4,753.6,581.4,281.2,11629.2,726.2,4618.6,13197,3223.6,307,630,1004.4,649.2,313,5084.2,3855,14760.6,270.8,370.8,861.2,1189.8,4897.8,1046.8,290.6,14605.4,3795.2,878.2,348,13229,951.8,3587,13741.2,3631.4,736,13057.4,662,3414,13654.6,3462.2,245.2,657,3738.4,14505.4,173,12808.8,1141.6,14594.2,1136.8,13021.2
snapshot_730793.png,snapshot_674550.png,T,R,7,5,20000,202247759592,1821.1784942,15607.8,1523.4,629.8,4552.4,4552.6,1128.4,538.2,1354.4,4503,608,399.6,479,458.2,320.6,310.8,14586.2,981.8,4595.4,4594.2,3906.8,738.8,923.2,4510.8,880,486.4,364.2,396.8,411.6,335.2,14294,4572.4,4541.4,14814.8,3773.6,420.8,4381.8,1197.6,880,277.2,332.6,420.8,369.6,4798.8,4783,3968.8,15655,312.8,4598.4,895.6,1338.8,278,298.4,415.2,450.4,3614.6,913,210.8,15038.4,3606,745,293.2,1164.4,760.6,427.2,253.2,13285.8,854.6,3700.4,3133.8,3583.6,767.2,746.8,1062,798.6,367,13182.6,766.8,4538.2,13804.4,3586.4,344.2,696,1110.4,741,297.8,5050.6,3764,14743.4,286.6,361.8,847.4,1177.4,4883.2,1000,286,14609,3782.2,866.4,344.2,13062,916.4,3550.6,13693.6,3595,723.6,13041,652,3391.2,13643.6,3456,261.2,648.6,3733.8,14511.6,177.6,12811.6,1137.2,14592,1133.4,13035.6,14572.4,1742.2,645.2,4105.8,4104,1049.8,563.2,1369,4067.8,627.4,381.2,461,445.8,294.8,284.2,12827.8,860.8,4673.4,4672.6,2634.2,695.6,862.8,4604.4,856.4,455.2,333.8,375.4,387.8,319.8,14538,4592.6,4563.2,11398,4135,504.8,4412.2,1477.6,987.8,282,372,465.2,396.6,4858.6,4834,3072.2,15697.4,314.4,4645.2,951.8,1358.8,259.8,302,421,455.2,2963.8,896.6,196.4,15076.8,2959.6,825,294.2,1181.4,781.4,434.2,237.4,8495.6,603.6,2883.6,3110.8,2508.6,566,554.6,754.4,584,286.4,11615.2,727.8,4626.6,13192.8,3223.2,309.4,630.8,1001.4,652.8,309.8,5053.4,3857.8,14764.8,267.6,371.4,863.8,1186.6,5025,1058.6,299.4,14593,3795.6,879,345,13231,954.2,3583.2,13733.6,3632.6,733.2,13057.6,662.8,3408.8,13653.6,3466.8,244.6,653.8,3737.8,14505.8,181,12903.4,1144,14588.4,1139.4,13027
snapshot_730793.png,snapshot_333009.png,T,R,7,5,20000,202305500788,1826.9320144,15607.8,1523.4,629.8,4552.4,4552.6,1128.4,538.2,1354.4,4503,608,399.6,479,458.2,320.6,310.8,14586.2,981.8,4595.4,4594.2,3906.8,738.8,923.2,4510.8,880,486.4,364.2,396.8,411.6,335.2,14294,4572.4,4541.4,14814.8,3773.6,420.8,4381.8,1197.6,880,277.2,332.6,420.8,369.6,4798.8,4783,3968.8,15655,312.8,4598.4,895.6,1338.8,278,298.4,415.2,450.4,3614.6,913,210.8,15038.4,3606,745,293.2,1164.4,760.6,427.2,253.2,13285.8,854.6,3700.4,3133.8,3583.6,767.2,746.8,1062,798.6,367,13182.6,766.8,4538.2,13804.4,3586.4,344.2,696,1110.4,741,297.8,5050.6,3764,14743.4,286.6,361.8,847.4,1177.4,4883.2,1000,286,14609,3782.2,866.4,344.2,13062,916.4,3550.6,13693.6,3595,723.6,13041,652,3391.2,13643.6,3456,261.2,648.6,3733.8,14511.6,177.6,12811.6,1137.2,14592,1133.4,13035.6,14594.2,1733.2,641.2,3969.2,3970.8,1046.2,547.4,1369,3939,625,371.4,463.8,440,288,288.2,12847.4,855.4,4724.6,4724.8,2630.4,698,863,4628.8,858.8,461.2,339.6,374.2,390.4,318.4,14551.8,4544.4,4513.2,11394.4,4136.2,505.4,4387.8,1480.8,988.8,284.6,367,467.2,399,4749.4,4733.8,3068.8,15700.2,318,4607.4,946.4,1357.2,269.6,295.4,422,458.2,2963.4,891.4,190.2,15085,3013.6,826.6,289.6,1177,781.2,437.4,239,8484.4,601.6,2879.8,2944.2,2511.6,560.6,552.4,753.4,583.6,282.2,11619.2,724.6,4620,13190.2,3225.4,312.8,628.2,1003.2,649,313.4,5102.8,3855.4,14753,278,369.4,863,1188.4,4871.6,1046,285,14606.2,3796,877,345.8,13222.4,959.6,3587.2,13725.2,3629,734,13061,665.2,3413.6,13650.2,3462,251.8,654.4,3739.4,14503.8,171.6,12707,1140.2,14592.6,1139.8,13019
snapshot_730793.png,snapshot_506295.png,T,R,7,5,20000,202661830618,1862.5671452,15607.8,1523.4,629.8,4552.4,4552.6,1128.4,538.2,1354.4,4503,608,399.6,479,458.2,320.6,310.8,14586.2,981.8,4595.4,4594.2,3906.8,738.8,923.2,4510.8,880,486.4,364.2,396.8,411.6,335.2,14294,4572.4,4541.4,14814.8,3773.6,420.8,4381.8,1197.6,880,277.2,332.6,420.8,369.6,4798.8,4783,3968.8,15655,312.8,4598.4,895.6,1338.8,278,298.4,415.2,450.4,3614.6,913,210.8,15038.4,3606,745,293.2,1164.4,760.6,427.2,253.2,13285.8,854.6,3700.4,3133.8,3583.6,767.2,746.8,1062,798.6,367,13182.6,766.8,4538.2,13804.4,3586.4,344.2,696,1110.4,741,297.8,5050.6,3764,14743.4,286.6,361.8,847.4,1177.4,4883.2,1000,286,14609,3782.2,866.4,344.2,13062,916.4,3550.6,13693.6,3595,723.6,13041,652,3391.2,13643.6,3456,261.2,648.6,3733.8,14511.6,177.6,12811.6,1137.2,14592,1133.4,13035.6,15590.6,1574.2,646.4,4746.6,4748.2,1061.2,456.4,1358.4,4690.6,628.2,420.6,478.4,473.6,331.8,315.4,14795.8,1028.2,4628,4628,3427.8,420.2,928.8,4540.8,941.2,540,361.2,404.6,421.4,338.6,14344.8,4532.4,4504.6,12208.8,2180,445,4388.8,1446.6,1134,278.4,353,459.6,405.2,4850,4831.2,3435.4,10031.8,309.8,4664,1041,1537.6,269.8,303.2,435.8,467,3343.2,837.2,190,15012.4,3348.8,756.4,299.6,1164,757,427.6,245.4,12505.8,462.4,3706.8,3012.2,3667.6,849.8,749.2,1069.4,812.8,375.8,7723.8,717,4631.2,13773.8,3791,327.4,667.2,1088.2,739.4,247.2,5182,2409.6,11621,267,271.2,583.4,831.2,4901.4,1015,296.4,14595.8,3780.8,868,343.2,13091.2,968,3547.8,13684.6,3596.6,726.8,13317.8,657.2,3403.6,13669.6,3498,250.4,667.4,3780.2,14567.6,170.4,12747.4,1142.6,14584,1139.4,13047.8
snapshot_730793.png,snapshot_521869.png,T,R,7,5,20000,202719370601,1868.2825433,15607.8,1523.4,629.8,4552.4,4552.6,1128.4,538.2,1354.4,4503,608,399.6,479,458.2,320.6,310.8,14586.2,981.8,4595.4,4594.2,3906.8,738.8,923.2,4510.8,880,486.4,364.2,396.8,411.6,335.2,14294,4572.4,4541.4,14814.8,3773.6,420.8,4381.8,1197.6,880,277.2,332.6,420.8,369.6,4798.8,4783,3968.8,15655,312.8,4598.4,895.6,1338.8,278,298.4,415.2,450.4,3614.6,913,210.8,15038.4,3606,745,293.2,1164.4,760.6,427.2,253.2,13285.8,854.6,3700.4,3133.8,3583.6,767.2,746.8,1062,798.6,367,13182.6,766.8,4538.2,13804.4,3586.4,344.2,696,1110.4,741,297.8,5050.6,3764,14743.4,286.6,361.8,847.4,1177.4,4883.2,1000,286,14609,3782.2,866.4,344.2,13062,916.4,3550.6,13693.6,3595,723.6,13041,652,3391.2,13643.6,3456,261.2,648.6,3733.8,14511.6,177.6,12811.6,1137.2,14592,1133.4,13035.6,15591.2,1558.6,617.2,4019,4025,1035.2,426.4,1337.4,3981.4,592.2,381.8,458.6,427.4,303.4,285.2,14805.8,1026,4662.6,4660,3423.6,422.8,930,4569.6,941.6,540,361.4,403.4,430.2,338.8,14339,4501.8,4471.8,12204.8,2177.8,442.6,4374.4,1448.2,1134.4,276,350.6,464,404.8,4911,4897.4,3430.6,10006.6,309.6,4694,1039,1539,271,297.4,443.4,472,2931,835.2,177.2,15012.8,2981,756.8,285.6,1161.2,756.2,423.8,233.2,12509,463.2,3701,2948.4,3669,849.2,751.4,1071.2,811,375.4,7735,715,4616,13775.6,3790.8,328.4,668.6,1087.6,735.4,240,5110.6,2404.2,11620.6,266.8,262.4,581.6,835,4894.8,1010.6,291.8,14593.4,3779.6,870.8,344.2,13104.6,963.4,3550,13688.4,3595.6,725,13305.6,654,3406.4,13665.6,3492.8,254.6,668.4,3775.8,14569.6,176.6,12821.6,1141.2,14581.6,1136.6,13087
snapshot_730793.png,snapshot_200750.png,T,R,7,5,20000,202776548604,1874.1182429,15607.8,1523.4,629.8,4552.4,4552.6,1128.4,538.2,1354.4,4503,608,399.6,479,458.2,320.6,310.8,14586.2,981.8,4595.4,4594.2,3906.8,738.8,923.2,4510.8,880,486.4,364.2,396.8,411.6,335.2,14294,4572.4,4541.4,14814.8,3773.6,420.8,4381.8,1197.6,880,277.2,332.6,420.8,369.6,4798.8,4783,3968.8,15655,312.8,4598.4,895.6,1338.8,278,298.4,415.2,450.4,3614.6,913,210.8,15038.4,3606,745,293.2,1164.4,760.6,427.2,253.2,13285.8,854.6,3700.4,3133.8,3583.6,767.2,746.8,1062,798.6,367,13182.6,766.8,4538.2,13804.4,3586.4,344.2,696,1110.4,741,297.8,5050.6,3764,14743.4,286.6,361.8,847.4,1177.4,4883.2,1000,286,14609,3782.2,866.4,344.2,13062,916.4,3550.6,13693.6,3595,723.6,13041,652,3391.2,13643.6,3456,261.2,648.6,3733.8,14511.6,177.6,12811.6,1137.2,14592,1133.4,13035.6,15585.8,1552.8,615.4,3943.2,3944.4,1032.2,415.4,1337.6,3906.6,590.2,370.4,453,429.6,282.2,284.4,14804,1026.2,4651.8,4651.8,3425.6,417,932.2,4561.8,941.4,538.8,357.6,404,420,338,14344,4499.6,4470.2,12204.6,2179,444.8,4375.8,1445.8,1135,272.4,353.6,458.4,404.6,4891.4,4875,3432.6,10000,312,4686.8,1039,1539,268.4,304.4,434.4,473,3021,836.8,171.6,15001.6,3045,755.4,289,1159.4,758.2,422.6,237,12517.2,459,3705,2840.2,3674.2,845.6,748,1070.8,811.2,374.4,7722.4,716.4,4611,13774.8,3792.4,326.6,668.4,1089.4,737.2,243,5188.4,2406.2,11608.8,266.6,271.4,580,832,4874,1008.6,290.2,14592.8,3778,867.2,344.8,13092,964.8,3552.2,13676,3598,726.2,13305.4,658,3404.8,13665.4,3492,250.8,668.4,3778.6,14565.4,303.4,12948.2,1144,14588,1137.8,13036.4
snapshot_730793.png,snapshot_222354.png,T,R,7,5,20000,202834941071,1879.9675239,15607.8,1523.4,629.8,4552.4,4552.6,1128.4,538.2,1354.4,4503,608,399.6,479,458.2,320.6,310.8,14586.2,981.8,4595.4,4594.2,3906.8,738.8,923.2,4510.8,880,486.4,364.2,396.8,411.6,335.2,14294,4572.4,4541.4,14814.8,3773.6,420.8,4381.8,1197.6,880,277.2,332.6,420.8,369.6,4798.8,4783,3968.8,15655,312.8,4598.4,895.6,1338.8,278,298.4,415.2,450.4,3614.6,913,210.8,15038.4,3606,745,293.2,1164.4,760.6,427.2,253.2,13285.8,854.6,3700.4,3133.8,3583.6,767.2,746.8,1062,798.6,367,13182.6,766.8,4538.2,13804.4,3586.4,344.2,696,1110.4,741,297.8,5050.6,3764,14743.4,286.6,361.8,847.4,1177.4,4883.2,1000,286,14609,3782.2,866.4,344.2,13062,916.4,3550.6,13693.6,3595,723.6,13041,652,3391.2,13643.6,3456,261.2,648.6,3733.8,14511.6,177.6,12811.6,1137.2,14592,1133.4,13035.6,15560.6,1554.8,619.2,4040.6,4042.2,1029,425.6,1341.4,4002.6,595,373.8,454,432.8,293.2,285.2,14787.2,1024.6,4628.2,4624.4,3424.4,421,927,4547.8,942.8,539,354.6,400.2,422.4,338.4,14325.6,4607.6,4575,12190.6,2176,442.6,4425.4,1447.2,1134.8,270.6,353.4,460.6,403.8,4862.2,4844.2,3431,9998.6,308.2,4673.8,1039,1539,261.8,296.2,435.8,468.6,2966.8,836.8,187.6,15000.8,2995.6,755.4,288,1162.4,758.6,420.6,234.2,12518,463.8,3702.2,2942.6,3667,847,750.6,1072.6,812,375.4,7710.4,716.4,4652.2,13768.4,3789,322.8,669,1089.4,737,237.6,5156.4,2402.8,11609.4,259,260.8,580.4,831.4,4867.2,1009.8,293.2,14590.4,3778.2,868.8,344.4,13089.8,964.4,3550.8,13680.4,3597.2,726.2,13300.4,656.8,3404.6,13660.2,3492.4,248.2,667.4,3777.2,14564.8,170.4,12678.2,1143.2,14581.2,1134.8,13043.2
snapshot_730793.png,snapshot_290999.png,T,R,7,5,20000,202893469589,1885.7910771,15607.8,1523.4,629.8,4552.4,4552.6,1128.4,538.2,1354.4,4503,608,399.6,479,458.2,320.6,310.8,14586.2,981.8,4595.4,4594.2,3906.8,738.8,923.2,4510.8,880,486.4,364.2,396.8,411.6,335.2,14294,4572.4,4541.4,14814.8,3773.6,420.8,4381.8,1197.6,880,277.2,332.6,420.8,369.6,4798.8,4783,3968.8,15655,312.8,4598.4,895.6,1338.8,278,298.4,415.2,450.4,3614.6,913,210.8,15038.4,3606,745,293.2,1164.4,760.6,427.2,253.2,13285.8,854.6,3700.4,3133.8,3583.6,767.2,746.8,1062,798.6,367,13182.6,766.8,4538.2,13804.4,3586.4,344.2,696,1110.4,741,297.8,5050.6,3764,14743.4,286.6,361.8,847.4,1177.4,4883.2,1000,286,14609,3782.2,866.4,344.2,13062,916.4,3550.6,13693.6,3595,723.6,13041,652,3391.2,13643.6,3456,261.2,648.6,3733.8,14511.6,177.6,12811.6,1137.2,14592,1133.4,13035.6,15556.4,1558.2,619,4037.2,4038,1035,427.2,1338.2,3997.4,598.8,377.6,452.6,432.2,285.4,283,14776.4,1026.4,4660.2,4660.2,3423.2,418,929.2,4572.2,940,540.2,358.8,400.4,416.6,338,14328.4,4502.6,4477.4,12197,2174.4,442,4380.8,1445,1132.2,275.4,349.6,456,405,4936.6,4920.2,3431.4,9991.4,305,4707.4,1041.4,1538.2,268.2,302.4,433.4,470.6,2895.4,832.2,176.6,15006,2960.2,752.2,289.6,1161.8,752.6,420.4,233.8,12487,459.8,3705.8,2873.6,3666,848,748.4,1068,811.4,374.6,7720.2,716.2,4620.2,13763.2,3789.2,326.4,666.6,1088.2,738.8,235.2,5131.6,2403.6,11604.2,260.4,264.4,579.4,830.2,4872.2,1011.8,290.4,14590,3779.4,867.2,343.2,13079.6,970.8,3550.2,13658.8,3596.6,723.4,13315.2,654.4,3401.8,13665.6,3495.2,248.6,666.8,3779.2,14563.6,171.8,12802,1141.2,14580.4,1139.2,13023.2
snapshot_730793.png,snapshot_340275.png,T,R,7,5,20000,203159578818,1912.314801,15607.8,1523.4,629.8,4552.4,4552.6,1128.4,538.2,1354.4,4503,608,399.6,479,458.2,320.6,310.8,14586.2,981.8,4595.4,4594.2,3906.8,738.8,923.2,4510.8,880,486.4,364.2,396.8,411.6,335.2,14294,4572.4,4541.4,14814.8,3773.6,420.8,4381.8,1197.6,880,277.2,332.6,420.8,369.6,4798.8,4783,3968.8,15655,312.8,4598.4,895.6,1338.8,278,298.4,415.2,450.4,3614.6,913,210.8,15038.4,3606,745,293.2,1164.4,760.6,427.2,253.2,13285.8,854.6,3700.4,3133.8,3583.6,767.2,746.8,1062,798.6,367,13182.6,766.8,4538.2,13804.4,3586.4,344.2,696,1110.4,741,297.8,5050.6,3764,14743.4,286.6,361.8,847.4,1177.4,4883.2,1000,286,14609,3782.2,866.4,344.2,13062,916.4,3550.6,13693.6,3595,723.6,13041,652,3391.2,13643.6,3456,261.2,648.6,3733.8,14511.6,177.6,12811.6,1137.2,14592,1133.4,13035.6,15580,1519.6,627.2,4307.4,4307.4,1133.6,542.8,1346.6,4265.4,537.6,385.8,469.2,462.2,323.4,307.6,14552.4,982.2,4633.8,4635,3926.6,761.6,923.8,4540,714.6,486.4,360.8,417,442.6,345.2,14271.8,4499.2,4473.4,14839.8,3811.4,422.8,4359,956.2,876.8,269,352.2,468,395.2,4844.8,4831.8,4004.6,15655.8,315.8,4626,699.2,1318.6,272.2,319.6,459.2,479.8,3256,929.6,200.4,15011.8,3286.2,593.8,284.2,1164,780.2,461.8,250,13328.6,921.4,3702.2,3109.8,3056.6,793.8,751.6,1121.4,917.4,417.8,13435.2,785,4553.6,11556.8,3702.4,360,814.4,1439.2,942.6,311.4,5051.8,2867.4,14601.2,278.8,430.4,1090.8,1371.4,4928.2,804,288.6,14597.2,3825.8,930.2,361,11632,1025.8,3598.2,14083.4,4110,891.2,9021.4,483.6,2782.6,10253.4,2476,249.8,719.2,3803.2,13282,317.4,13651.4,1327.8,15095.6,1323.2,13493.6
snapshot_730793.png,snapshot_904578.png,T,R,7,5,20000,203216884957,1918.6955185,15607.8,1523.4,629.8,4552.4,4552.6,1128.4,538.2,1354.4,4503,608,399.6,479,458.2,320.6,310.8,14586.2,981.8,4595.4,4594.2,3906.8,738.8,923.2,4510.8,880,486.4,364.2,396.8,411.6,335.2,14294,4572.4,4541.4,14814.8,3773.6,420.8,4381.8,1197.6,880,277.2,332.6,420.8,369.6,4798.8,4783,3968.8,15655,312.8,4598.4,895.6,1338.8,278,298.4,415.2,450.4,3614.6,913,210.8,15038.4,3606,745,293.2,1164.4,760.6,427.2,253.2,13285.8,854.6,3700.4,3133.8,3583.6,767.2,746.8,1062,798.6,367,13182.6,766.8,4538.2,13804.4,3586.4,344.2,696,1110.4,741,297.8,5050.6,3764,14743.4,286.6,361.8,847.4,1177.4,4883.2,1000,286,14609,3782.2,866.4,344.2,13062,916.4,3550.6,13693.6,3595,723.6,13041,652,3391.2,13643.6,3456,261.2,648.6,3733.8,14511.6,177.6,12811.6,1137.2,14592,1133.4,13035.6,15553,1509,616.4,4084.2,4084.6,1124.8,533.2,1343.2,4046.4,513,359,454.6,448,304,287.2,14538.6,984.8,4613,4610.4,3927.6,760,921.8,4541.8,716.8,482,354,408.2,442.4,347.6,14262.4,4522.8,4492.2,14839.8,3814,422.6,4377.2,956.2,873,264.6,345.4,465,395.2,4753.8,4738.4,4004.8,15664.4,312,4594.8,696,1319.8,260.4,299.8,455.6,475.2,3070.2,935.8,185.8,15005.8,3100,591.6,279.8,1169,779,455.6,245.2,13333.6,922.2,3703.2,2833,3057.8,792.8,756,1122,915.6,414.8,13431.6,787,4599.8,11558.8,3697,357,816.8,1439.6,943.2,311.6,5013,2868.2,14611.6,272.2,419,1092.4,1370.2,4912.8,807.6,288.2,14594.8,3827.2,932,363.2,11641,1026,3595.6,14083.4,4118.2,892.6,8991.6,479.2,2785.4,10245.4,2479.8,244.6,716.6,3803.2,13281.8,166,13081.4,1324.6,15094.4,1318.2,13512.4
snapshot_730793.png,snapshot_104316.png,T,R,7,5,20000,203280573398,1924.4252202,15607.8,1523.4,629.8,4552.4,4552.6,1128.4,538.2,1354.4,4503,608,399.6,479,458.2,320.6,310.8,14586.2,981.8,4595.4,4594.2,3906.8,738.8,923.2,4510.8,880,486.4,364.2,396.8,411.6,335.2,14294,4572.4,4541.4,14814.8,3773.6,420.8,4381.8,1197.6,880,277.2,332.6,420.8,369.6,4798.8,4783,3968.8,15655,312.8,4598.4,895.6,1338.8,278,298.4,415.2,450.4,3614.6,913,210.8,15038.4,3606,745,293.2,1164.4,760.6,427.2,253.2,13285.8,854.6,3700.4,3133.8,3583.6,767.2,746.8,1062,798.6,367,13182.6,766.8,4538.2,13804.4,3586.4,344.2,696,1110.4,741,297.8,5050.6,3764,14743.4,286.6,361.8,847.4,1177.4,4883.2,1000,286,14609,3782.2,866.4,344.2,13062,916.4,3550.6,13693.6,3595,723.6,13041,652,3391.2,13643.6,3456,261.2,648.6,3733.8,14511.6,177.6,12811.6,1137.2,14592,1133.4,13035.6,15534,1509.6,615.4,4102.8,4106.2,1131.4,534.8,1339.8,4065.8,520.6,372.8,456.6,441.8,299.6,289,14534.8,985,4641,4637.2,3926.6,764.2,925.8,4556.6,713.6,478.6,356,412.8,442.2,342.8,14241.4,4601,4574.2,14829.6,3811.8,418,4403.6,959.4,878.6,265.4,344.6,462.6,392,4824.8,4808.6,4002.4,15651.8,307.6,4620.8,700.2,1319.8,257.4,299.8,456,478.4,2931.6,933.4,178.8,15000.4,2942.4,594.2,274.8,1163.2,776,453.4,242.2,13333.2,920,3700.4,2826.4,3061,794.6,754.6,1119.2,914.6,417,13415.2,789.4,4631,11550,3697.2,360.6,822,1440.6,940.8,306.6,5055.4,2872.2,14605.8,270.4,417,1092.4,1374.6,4985.6,809.2,287.8,14586.4,3828,937.4,362.4,11639.4,1020.8,3596,14096,4123.4,891,8986.8,481,2790,10247.4,2476.4,242.8,713.4,3805.2,13284.8,169.4,13151.2,1323,15098.4,1322.6,13496.8
snapshot_730793.png,snapshot_330167.png,T,R,7,5,20000,203337948003,1930.1773878,15607.8,1523.4,629.8,4552.4,4552.6,1128.4,538.2,1354.4,4503,608,399.6,479,458.2,320.6,310.8,14586.2,981.8,4595.4,4594.2,3906.8,738.8,923.2,4510.8,880,486.4,364.2,396.8,411.6,335.2,14294,4572.4,4541.4,14814.8,3773.6,420.8,4381.8,1197.6,880,277.2,332.6,420.8,369.6,4798.8,4783,3968.8,15655,312.8,4598.4,895.6,1338.8,278,298.4,415.2,450.4,3614.6,913,210.8,15038.4,3606,745,293.2,1164.4,760.6,427.2,253.2,13285.8,854.6,3700.4,3133.8,3583.6,767.2,746.8,1062,798.6,367,13182.6,766.8,4538.2,13804.4,3586.4,344.2,696,1110.4,741,297.8,5050.6,3764,14743.4,286.6,361.8,847.4,1177.4,4883.2,1000,286,14609,3782.2,866.4,344.2,13062,916.4,3550.6,13693.6,3595,723.6,13041,652,3391.2,13643.6,3456,261.2,648.6,3733.8,14511.6,177.6,12811.6,1137.2,14592,1133.4,13035.6,15514.8,1506.2,611,3895.6,3898,1123,524.8,1335.8,3866.8,509.8,354.4,452.2,440.6,291.6,279.6,14521.8,984.2,4689.2,4684.8,3920,760,924.4,4582.6,719.4,484,352.4,412.8,443.4,346.4,14243.4,4533.6,4501.4,14829.8,3814,419.8,4379.2,954.2,874.8,263.6,350,463.8,392.6,4763,4750.4,4003,15654.6,304.6,4599.6,697.2,1319.2,260.4,305,453,476.8,2936,933.2,182.2,14998.8,2952.6,591,278.8,1164.8,778,452,237.2,13328.4,923.2,3702.6,2737.8,3054.8,790.8,755,1122.6,915.4,411,13413.2,787.6,4586.6,11549.4,3696.4,355,817.4,1442,942.8,304.8,5049.2,2865.2,14601,274.8,425,1090.8,1370.4,4925,805.2,287.2,14590,3824.6,932.4,362.8,11634.2,1022.8,3596.2,14080.8,4120.8,893.6,9008.6,479.2,2783.6,10242.8,2478,244.2,715.2,3804,13277.2,324.2,13399.6,1327.8,15097,1319.8,13492.8
snapshot_730793.png,snapshot_895462.png,T,R,7,5,20000,203395543829,1935.9652411,15607.8,1523.4,629.8,4552.4,4552.6,1128.4,538.2,1354.4,4503,608,399.6,479,458.2,320.6,310.8,14586.2,981.8,4595.4,4594.2,3906.8,738.8,923.2,4510.8,880,486.4,364.2,396.8,411.6,335.2,14294,4572.4,4541.4,14814.8,3773.6,420.8,4381.8,1197.6,880,277.2,332.6,420.8,369.6,4798.8,4783,3968.8,15655,312.8,4598.4,895.6,1338.8,278,298.4,415.2,450.4,3614.6,913,210.8,15038.4,3606,745,293.2,1164.4,760.6,427.2,253.2,13285.8,854.6,3700.4,3133.8,3583.6,767.2,746.8,1062,798.6,367,13182.6,766.8,4538.2,13804.4,3586.4,344.2,696,1110.4,741,297.8,5050.6,3764,14743.4,286.6,361.8,847.4,1177.4,4883.2,1000,286,14609,3782.2,866.4,344.2,13062,916.4,3550.6,13693.6,3595,723.6,13041,652,3391.2,13643.6,3456,261.2,648.6,3733.8,14511.6,177.6,12811.6,1137.2,14592,1133.4,13035.6,15515,1508.2,608.6,4032.6,4037,1125,534.6,1336.6,3998.4,513.8,357,455,438.8,295.2,287,14526.4,985.4,4620.4,4614.8,3922.4,764,922.8,4543.8,713,477.6,353.6,413.6,442,342,14230.4,4596.8,4567.8,14819.4,3810,417.4,4402.8,958.6,878.2,264.8,346.4,462.6,393.2,4784,4766.6,4000.2,15644.8,305.4,4608.4,699.2,1318.4,258.6,300.2,453.6,480.4,2989,932,189.8,14995,3026.4,593.4,275.8,1162.4,776,454.2,245.2,13329.4,921,3700,2815.8,3059.2,792.4,753.8,1119.4,913,413.6,13408.2,788.4,4600,11547,3696.2,358,820,1441.8,940,302.8,5019.4,2869,14604.2,271.2,420.4,1090,1372.4,4989.2,807.6,288.8,14579.6,3824.8,937,365.4,11631.4,1023,3596,14083.2,4122.2,891.8,8980.6,479.2,2786.4,10241.6,2476.8,243.2,713.2,3804.2,13278,204,13338.4,1324.4,15095.6,1321,13492.2
snapshot_730793.png,snapshot_485784.png,T,R,7,5,20000,203561859988,1952.5456819,15607.8,1523.4,629.8,4552.4,4552.6,1128.4,538.2,1354.4,4503,608,399.6,479,458.2,320.6,310.8,14586.2,981.8,4595.4,4594.2,3906.8,738.8,923.2,4510.8,880,486.4,364.2,396.8,411.6,335.2,14294,4572.4,4541.4,14814.8,3773.6,420.8,4381.8,1197.6,880,277.2,332.6,420.8,369.6,4798.8,4783,3968.8,15655,312.8,4598.4,895.6,1338.8,278,298.4,415.2,450.4,3614.6,913,210.8,15038.4,3606,745,293.2,1164.4,760.6,427.2,253.2,13285.8,854.6,3700.4,3133.8,3583.6,767.2,746.8,1062,798.6,367,13182.6,766.8,4538.2,13804.4,3586.4,344.2,696,1110.4,741,297.8,5050.6,3764,14743.4,286.6,361.8,847.4,1177.4,4883.2,1000,286,14609,3782.2,866.4,344.2,13062,916.4,3550.6,13693.6,3595,723.6,13041,652,3391.2,13643.6,3456,261.2,648.6,3733.8,14511.6,177.6,12811.6,1137.2,14592,1133.4,13035.6,15550.2,1522.4,625.4,4258.8,4262.8,1153.4,538,1349.6,4215,643.8,380.4,487.6,449.8,321.2,299.4,14518.2,986.6,4739,4735.2,3939.8,746.8,940,4606,964,499.4,374,402.2,444.8,337.4,14253.4,4464.8,4437.2,14829.8,3769.4,435,4341.2,1258.6,883.2,275.6,324.8,439.8,369.4,4811.6,4804,3978,15606,319.8,4613.6,927.4,1342,270.6,286.4,427,453.4,3265.4,1006.6,200.4,14893.6,3284.2,926.8,306,1248.4,805.8,495,249.8,13767,926.4,3958.4,2959.8,4356,854.8,918.2,1269.8,1021.8,406.6,13190.4,872.2,4537.2,14210,3634.8,391.8,742.4,1239.6,765,311.8,5016.6,3829.8,14726.6,279.2,344.2,876,1182,4946.2,1295.8,310,14569.8,3663.2,1015,363,7948.4,378.6,1991.2,8387.6,1986.8,365.4,13142.4,816.4,3261.6,14092,3525.8,252.8,590.4,3789.6,14502.2,172.2,11490,1066.2,13149.6,1064.4,13098.8
snapshot_730793.png,snapshot_780177.png,T,R,7,5,20000,203619306192,1958.9019314,15607.8,1523.4,629.8,4552.4,4552.6,1128.4,538.2,1354.4,4503,608,399.6,479,458.2,320.6,310.8,14586.2,981.8,4595.4,4594.2,3906.8,738.8,923.2,4510.8,880,486.4,364.2,396.8,411.6,335.2,14294,4572.4,4541.4,14814.8,3773.6,420.8,4381.8,1197.6,880,277.2,332.6,420.8,369.6,4798.8,4783,3968.8,15655,312.8,4598.4,895.6,1338.8,278,298.4,415.2,450.4,3614.6,913,210.8,15038.4,3606,745,293.2,1164.4,760.6,427.2,253.2,13285.8,854.6,3700.4,3133.8,3583.6,767.2,746.8,1062,798.6,367,13182.6,766.8,4538.2,13804.4,3586.4,344.2,696,1110.4,741,297.8,5050.6,3764,14743.4,286.6,361.8,847.4,1177.4,4883.2,1000,286,14609,3782.2,866.4,344.2,13062,916.4,3550.6,13693.6,3595,723.6,13041,652,3391.2,13643.6,3456,261.2,648.6,3733.8,14511.6,177.6,12811.6,1137.2,14592,1133.4,13035.6,15528.8,1511.2,611.6,3999.4,3999.8,1139.6,524.4,1336.6,3963.8,625.8,358,473,434.2,296.8,279.2,14531,985,4615.8,4611.8,3947,743.8,937,4542.6,960.8,488.2,374.8,395.4,436.2,335.2,14238.4,4514.8,4486,14825.4,3769.6,429.4,4370.4,1260.2,880.8,279.8,321.8,436,368.2,4800.2,4785.8,3977,15607.6,306.2,4609.6,925.4,1339.2,270.8,281.6,423.6,449.2,2929.2,1008.4,179.4,14892,2949,925.2,294.4,1252.2,804.8,489,238.8,13765,923.6,3964.4,2610.4,4356.6,852.6,919.4,1270.6,1023,402.6,13183.8,873.2,4575,14202.6,3635.4,395.2,744.2,1239.2,767.8,309,5137.2,3833.6,14710.6,281.4,342.8,880.4,1181.2,4926.8,1298,302.4,14567.8,3668,1016.4,359,7951,375,1987.6,8385.8,1991,359.6,13144.4,820,3262.8,14094.6,3529.4,257.8,591.8,3793.2,14503,172.2,11412,1068,13151,1063.8,13089.8
snapshot_730793.png,snapshot_495913.png,T,R,7,5,20000,203682675465,1964.673164,15607.8,1523.4,629.8,4552.4,4552.6,1128.4,538.2,1354.4,4503,608,399.6,479,458.2,320.6,310.8,14586.2,981.8,4595.4,4594.2,3906.8,738.8,923.2,4510.8,880,486.4,364.2,396.8,411.6,335.2,14294,4572.4,4541.4,14814.8,3773.6,420.8,4381.8,1197.6,880,277.2,332.6,420.8,369.6,4798.8,4783,3968.8,15655,312.8,4598.4,895.6,1338.8,278,298.4,415.2,450.4,3614.6,913,210.8,15038.4,3606,745,293.2,1164.4,760.6,427.2,253.2,13285.8,854.6,3700.4,3133.8,3583.6,767.2,746.8,1062,798.6,367,13182.6,766.8,4538.2,13804.4,3586.4,344.2,696,1110.4,741,297.8,5050.6,3764,14743.4,286.6,361.8,847.4,1177.4,4883.2,1000,286,14609,3782.2,866.4,344.2,13062,916.4,3550.6,13693.6,3595,723.6,13041,652,3391.2,13643.6,3456,261.2,648.6,3733.8,14511.6,177.6,12811.6,1137.2,14592,1133.4,13035.6,15509.2,1514.4,615.2,4025.6,4027.6,1138.6,527.8,1340.2,3994.4,627.8,378.4,472.8,441.4,302.6,286.8,14515.8,984.6,4697.6,4693.6,3942,745.4,937.2,4584.6,965,497.4,367.4,406,438.2,337.2,14242.6,4632,4601.4,14801,3767.6,431.2,4415.2,1261.2,884,271.8,336.2,440.2,370,4808.6,4796.2,3975.2,15605.2,308.2,4612.8,923.4,1339.2,264,296.8,424.4,450.6,3054.8,1009,194.8,14886,3055.2,924,300.8,1251,808.2,490,239.8,13761.8,925.2,3965,2648.4,4355.8,851.2,919.8,1273.8,1022.4,401.8,13186.2,873,4581.6,14205.2,3634,388,742.2,1239.8,767,303.2,5013.6,3826.2,14723.4,274,351.8,875.4,1180.6,5017,1301.4,319,14562.2,3660,1015.8,358.8,7956.6,375,1989.8,8376.4,1985.4,365,13142,820.4,3261,14090.4,3525.6,249.2,594.4,3788.8,14502,472.6,11914.2,1075,13151.8,1060.6,13097.8
snapshot_730793.png,snapshot_973918.png,T,R,7,5,20000,203740531829,1970.436049,15607.8,1523.4,629.8,4552.4,4552.6,1128.4,538.2,1354.4,4503,608,399.6,479,458.2,320.6,310.8,14586.2,981.8,4595.4,4594.2,3906.8,738.8,923.2,4510.8,880,486.4,364.2,396.8,411.6,335.2,14294,4572.4,4541.4,14814.8,3773.6,420.8,4381.8,1197.6,880,277.2,332.6,420.8,369.6,4798.8,4783,3968.8,15655,312.8,4598.4,895.6,1338.8,278,298.4,415.2,450.4,3614.6,913,210.8,15038.4,3606,745,293.2,1164.4,760.6,427.2,253.2,13285.8,854.6,3700.4,3133.8,3583.6,767.2,746.8,1062,798.6,367,13182.6,766.8,4538.2,13804.4,3586.4,344.2,696,1110.4,741,297.8,5050.6,3764,14743.4,286.6,361.8,847.4,1177.4,4883.2,1000,286,14609,3782.2,866.4,344.2,13062,916.4,3550.6,13693.6,3595,723.6,13041,652,3391.2,13643.6,3456,261.2,648.6,3733.8,14511.6,177.6,12811.6,1137.2,14592,1133.4,13035.6,15538.4,1508.6,608.4,3948.2,3953.2,1137.6,519.8,1337.8,3917,625.8,360,475.8,432.4,290.8,283.4,14540.6,980.4,4625.8,4623.6,3944.2,749,935.6,4546.8,959.8,491.4,379.4,396.8,436.6,333.6,14232.2,4513.4,4483.4,14814.4,3766.4,426.4,4364.2,1264,883,282.8,320.6,437,370.8,4771.4,4756.8,3971,15604.4,310.2,4601.2,924,1338.6,278.4,277.8,426.8,452.2,2838.4,1003,186,14893.6,2882.6,925.4,288.2,1247.4,806.2,489.8,238,13757.6,922.8,3960.8,2661.6,4361.4,851.8,917.8,1272.6,1023,405.4,13181.8,869.2,4560.2,14204.2,3634.8,397.2,741.8,1236.4,762,307.6,5085.8,3830.2,14712.6,289,341.6,878,1186,4878,1291.6,299,14569,3666.4,1016.2,360,7944,374.4,1990,8379.2,1988.2,359.2,13125.6,820.6,3269,14092.2,3522.4,264.6,592.6,3792.8,14501.8,178.8,11463.4,1066.2,13154,1064.2,13087.4
snapshot_730793.png,snapshot_741374.png,T,R,7,5,20000,203798180269,1976.2249825,15607.8,1523.4,629.8,4552.4,4552.6,1128.4,538.2,1354.4,4503,608,399.6,479,458.2,320.6,310.8,14586.2,981.8,4595.4,4594.2,3906.8,738.8,923.2,4510.8,880,486.4,364.2,396.8,411.6,335.2,14294,4572.4,4541.4,14814.8,3773.6,420.8,4381.8,1197.6,880,277.2,332.6,420.8,369.6,4798.8,4783,3968.8,15655,312.8,4598.4,895.6,1338.8,278,298.4,415.2,450.4,3614.6,913,210.8,15038.4,3606,745,293.2,1164.4,760.6,427.2,253.2,13285.8,854.6,3700.4,3133.8,3583.6,767.2,746.8,1062,798.6,367,13182.6,766.8,4538.2,13804.4,3586.4,344.2,696,1110.4,741,297.8,5050.6,3764,14743.4,286.6,361.8,847.4,1177.4,4883.2,1000,286,14609,3782.2,866.4,344.2,13062,916.4,3550.6,13693.6,3595,723.6,13041,652,3391.2,13643.6,3456,261.2,648.6,3733.8,14511.6,177.6,12811.6,1137.2,14592,1133.4,13035.6,15535,1510,611.4,3933.6,3938.8,1136.4,518.6,1337,3904,620.8,355.2,461.2,427.2,294.6,281,14538.4,981,4654.4,4652.2,3944.2,748.2,935.8,4561.2,959.8,491,369.2,396.8,435.2,331.4,14230.8,4469.4,4437.8,14817.4,3763.8,425.2,4347.6,1263,880.4,264.6,319,435.2,369.2,4809.8,4791.4,3969.6,15596,308.8,4616.4,923.6,1337.2,257.6,280.4,428,452.2,2955,1002.2,186,14890,3018.6,926,289.4,1245.6,806.8,491.6,241.2,13751.2,921,3960.2,2820.6,4359.2,851,917,1271.2,1023,406.4,13181.4,867.2,4534.2,14208.4,3635.8,388.6,741.2,1236.2,762.2,306.4,5024,3828.6,14718.4,268.8,341,878.4,1184.2,4951.4,1294,304.6,14565.6,3666.6,1016.8,357.2,7942.2,373.6,1993.8,8377.8,1987.8,357.4,13123.8,821.4,3268.6,14089.4,3521.4,248.6,591.6,3792.8,14499.4,166.6,11406.8,1067.2,13152,1063.6,13082
snapshot_730793.png,snapshot_626143.png,T,R,7,5,20000,204057847631,2002.1677829,15607.8,1523.4,629.8,4552.4,4552.6,1128.4,538.2,1354.4,4503,608,399.6,479,458.2,320.6,310.8,14586.2,981.8,4595.4,4594.2,3906.8,738.8,923.2,4510.8,880,486.4,364.2,396.8,411.6,335.2,14294,4572.4,4541.4,14814.8,3773.6,420.8,4381.8,1197.6,880,277.2,332.6,420.8,369.6,4798.8,4783,3968.8,15655,312.8,4598.4,895.6,1338.8,278,298.4,415.2,450.4,3614.6,913,210.8,15038.4,3606,745,293.2,1164.4,760.6,427.2,253.2,13285.8,854.6,3700.4,3133.8,3583.6,767.2,746.8,1062,798.6,367,13182.6,766.8,4538.2,13804.4,3586.4,344.2,696,1110.4,741,297.8,5050.6,3764,14743.4,286.6,361.8,847.4,1177.4,4883.2,1000,286,14609,3782.2,866.4,344.2,13062,916.4,3550.6,13693.6,3595,723.6,13041,652,3391.2,13643.6,3456,261.2,648.6,3733.8,14511.6,177.6,12811.6,1137.2,14592,1133.4,13035.6,15675.4,1559.8,636,4435,4439.2,1215.8,551.8,1441.8,4393,675.6,399.4,491.6,488.2,319,301,14617.8,1003,4620.8,4620.2,4076.8,777.2,1076.8,4535.2,1057.6,513.8,381.8,442.2,440.8,339,14248.8,4521.2,4488.6,14789.8,3789,480.4,4365,1318.8,894.8,275.4,351.8,434,371.4,4761.4,4745.6,3948.2,15617.2,325.4,4594,937.6,1342.6,271.6,300.2,419.4,451,3208.6,1190,207.8,15378,3228,981.8,318.2,1239.2,879.2,473.6,248,8930.4,417.6,2220.6,3216.8,2004.2,448.2,429.6,594,466.6,241.2,13132.4,949,4568.4,13645,3571.4,371.6,765.6,1137.6,742,324,5024,3858.6,14730.6,277.6,376,854.6,1181.6,4901.8,1264.6,313.4,14774.2,4073.8,947,362.8,12342,773.2,2701.4,12057,3184.8,613.2,13105.8,709.6,3523.4,13711.4,3485.8,252.4,668.6,3740.4,14498,174,12787.4,1155.6,14644.2,1154.2,13027.2
snapshot_730793.png,snapshot_849655.png,T,R,7,5,20000,204115389076,2007.9223198,15607.8,1523.4,629.8,4552.4,4552.6,1128.4,538.2,1354.4,4503,608,399.6,479,458.2,320.6,310.8,14586.2,981.8,4595.4,4594.2,3906.8,738.8,923.2,4510.8,880,486.4,364.2,396.8,411.6,335.2,14294,4572.4,4541.4,14814.8,3773.6,420.8,4381.8,1197.6,880,277.2,332.6,420.8,369.6,4798.8,4783,3968.8,15655,312.8,4598.4,895.6,1338.8,278,298.4,415.2,450.4,3614.6,913,210.8,15038.4,3606,745,293.2,1164.4,760.6,427.2,253.2,13285.8,854.6,3700.4,3133.8,3583.6,767.2,746.8,1062,798.6,367,13182.6,766.8,4538.2,13804.4,3586.4,344.2,696,1110.4,741,297.8,5050.6,3764,14743.4,286.6,361.8,847.4,1177.4,4883.2,1000,286,14609,3782.2,866.4,344.2,13062,916.4,3550.6,13693.6,3595,723.6,13041,652,3391.2,13643.6,3456,261.2,648.6,3733.8,14511.6,177.6,12811.6,1137.2,14592,1133.4,13035.6,15659.8,1542.8,622.2,4000,4002.4,1195,535,1431.2,3975,656.6,373.4,473.8,456.8,296.2,288.6,14622,1004,4692.8,4691,4075.4,777.6,1077.6,4579.4,1057.4,516.2,381.6,444.8,438,341.4,14260.4,4477.4,4449.4,14788.6,3787,478.4,4351.2,1318.6,893.8,272,347.4,430.4,373.2,4805.8,4792.2,3947,15607.8,327.2,4614.2,935.8,1343.4,267,297,417.2,454.4,3033.8,1190.2,197.4,15371.6,3065.4,982.2,311.6,1238.8,879.6,472,244.6,8916.8,409,2217.4,2932,2003.8,444.4,424.4,592.6,462.8,236,13137.6,949,4561.8,13642,3571.8,370.8,765.6,1133.6,739.8,327.4,5040.6,3858.4,14720.8,277.6,373.8,858,1182.4,4886.8,1262.8,309.6,14774,4073.2,948.4,361.8,12353,774.6,2699.8,12052.8,3184.2,611.2,13102.8,709,3524.4,13712.8,3484.8,251.6,672.4,3739.8,14496.4,180.4,12902.8,1155.2,14644.2,1154.6,13024.6
snapshot_730793.png,snapshot_309314.png,T,R,7,5,20000,204173013513,2014.4104728,15607.8,1523.4,629.8,4552.4,4552.6,1128.4,538.2,1354.4,4503,608,399.6,479,458.2,320.6,310.8,14586.2,981.8,4595.4,4594.2,3906.8,738.8,923.2,4510.8,880,486.4,364.2,396.8,411.6,335.2,14294,4572.4,4541.4,14814.8,3773.6,420.8,4381.8,1197.6,880,277.2,332.6,420.8,369.6,4798.8,4783,3968.8,15655,312.8,4598.4,895.6,1338.8,278,298.4,415.2,450.4,3614.6,913,210.8,15038.4,3606,745,293.2,1164.4,760.6,427.2,253.2,13285.8,854.6,3700.4,3133.8,3583.6,767.2,746.8,1062,798.6,367,13182.6,766.8,4538.2,13804.4,3586.4,344.2,696,1110.4,741,297.8,5050.6,3764,14743.4,286.6,361.8,847.4,1177.4,4883.2,1000,286,14609,3782.2,866.4,344.2,13062,916.4,3550.6,13693.6,3595,723.6,13041,652,3391.2,13643.6,3456,261.2,648.6,3733.8,14511.6,177.6,12811.6,1137.2,14592,1133.4,13035.6,15641,1543.4,622.2,3968.6,3971.4,1193.4,534.8,1434.4,3940,654.8,374.8,470.2,455.8,296,282.4,14602,1003.2,4623.8,4618.8,4078.2,778.2,1074.8,4541.2,1060.4,507.4,376.2,442.2,437.4,337.6,14234,4629.8,4596.4,14770.8,3786,479,4414.6,1321.4,894.6,269.6,353,432.2,371.2,4766.6,4750.8,3944.8,15609.8,326.2,4594.8,937,1341.4,258.6,293.6,419.2,450,3039.8,1196,195.2,15364.2,3052.2,981.6,310.4,1240.2,880.4,468,244.2,8923.6,408,2215.4,2971.6,2000.6,443.4,428.2,591.2,461.2,237.6,13128.4,945.4,4544.2,13644.6,3567,369,768,1132.2,740.2,328,5063.4,3857.6,14720.8,270.2,371.4,857.6,1181.6,4940.8,1267.2,314.6,14765.2,4074.2,949.4,361,12343.2,771.6,2702.4,12058.8,3188.2,610,13100.8,711.8,3525.8,13709,3485.2,247.8,666.4,3738.8,14497.8,167.8,12685.4,1156,14642,1151.4,13039.8
snapshot_730793.png,snapshot_120148.png,T,R,7,5,20000,204237840591,2020.1365709,15607.8,1523.4,629.8,4552.4,4552.6,1128.4,538.2,1354.4,4503,608,399.6,479,458.2,320.6,310.8,14586.2,981.8,4595.4,4594.2,3906.8,738.8,923.2,4510.8,880,486.4,364.2,396.8,411.6,335.2,14294,4572.4,4541.4,14814.8,3773.6,420.8,4381.8,1197.6,880,277.2,332.6,420.8,369.6,4798.8,4783,3968.8,15655,312.8,4598.4,895.6,1338.8,278,298.4,415.2,450.4,3614.6,913,210.8,15038.4,3606,745,293.2,1164.4,760.6,427.2,253.2,13285.8,854.6,3700.4,3133.8,3583.6,767.2,746.8,1062,798.6,367,13182.6,766.8,4538.2,13804.4,3586.4,344.2,696,1110.4,741,297.8,5050.6,3764,14743.4,286.6,361.8,847.4,1177.4,4883.2,1000,286,14609,3782.2,866.4,344.2,13062,916.4,3550.6,13693.6,3595,723.6,13041,652,3391.2,13643.6,3456,261.2,648.6,3733.8,14511.6,177.6,12811.6,1137.2,14592,1133.4,13035.6,15631.4,1544.6,622.8,3960.8,3961.8,1198.2,536.2,1431,3935,650.2,364.2,470,455.2,293.4,285.6,14607.2,1000.4,4611,4608,4078.6,780.6,1074.6,4533.4,1055.6,511.2,378.6,443.8,436.2,337,14233.6,4573.8,4541.4,14774.2,3783,477.8,4392.4,1321.8,896.4,267.2,351.8,433.6,372.6,4834,4822,3944,15597.8,321.8,4624.4,936,1340.2,260.6,302.8,420.4,453.8,2940,1191.4,209.2,15364,2934.8,981.6,307,1237.8,880.6,471.2,239.2,8901.4,413,2217.2,2877.8,2003.6,441,423.4,591.4,463.8,235.4,13136.2,945.8,4560.2,13642.6,3570.6,368.6,766.8,1133.4,740.6,324.8,5063.2,3856.8,14716.4,270.8,377.2,858,1183.6,4880,1261.2,309,14772.6,4073.6,948.2,361.6,12340,774.4,2706,12052.6,3185.2,608.2,13101,711.2,3524.6,13708.4,3480.8,245.2,668.6,3740,14494.8,224,12982.2,1158,14646.4,1153.8,13027
snapshot_730793.png,snapshot_15843.png,T,R,7,5,20000,204294991376,2025.8670123,15607.8,1523.4,629.8,4552.4,4552.6,1128.4,538.2,1354.4,4503,608,399.6,479,458.2,320.6,310.8,14586.2,981.8,4595.4,4594.2,3906.8,738.8,923.2,4510.8,880,486.4,364.2,396.8,411.6,335.2,14294,4572.4,4541.4,14814.8,3773.6,420.8,4381.8,1197.6,880,277.2,332.6,420.8,369.6,4798.8,4783,3968.8,15655,312.8,4598.4,895.6,1338.8,278,298.4,415.2,450.4,3614.6,913,210.8,15038.4,3606,745,293.2,1164.4,760.6,427.2,253.2,13285.8,854.6,3700.4,3133.8,3583.6,767.2,746.8,1062,798.6,367,13182.6,766.8,4538.2,13804.4,3586.4,344.2,696,1110.4,741,297.8,5050.6,3764,14743.4,286.6,361.8,847.4,1177.4,4883.2,1000,286,14609,3782.2,866.4,344.2,13062,916.4,3550.6,13693.6,3595,723.6,13041,652,3391.2,13643.6,3456,261.2,648.6,3733.8,14511.6,177.6,12811.6,1137.2,14592,1133.4,13035.6,15640.8,1546.6,622.8,4020.2,4022.8,1191,537.8,1433,3987.8,655.8,378.4,476.2,458.6,304.8,286.2,14594.4,1002.6,4663.6,4660.4,4076.8,781.4,1073.8,4563.4,1058,513.4,384.8,442.4,438.6,336.4,14236.4,4535.2,4504.8,14774.4,3784,474,4377.6,1321.4,892.2,276.4,348.4,433.8,372.4,4827.8,4814,3941,15598.2,322,4621.8,935.8,1341.8,272,295.4,425.2,450.6,2934.6,1192,199.2,15369.4,2984,980.6,308.2,1239.2,878.8,469.8,243.4,8914.6,408.4,2216.2,2884.6,2000.4,442.4,426.6,590.4,464,236,13125.2,944.4,4570,13638.6,3567.6,373.8,767,1131,740,323.4,5012.6,3855.6,14722.4,281,371.4,857.4,1182.8,4909.6,1264.2,315.8,14763.8,4073,948.4,360,12336.6,777.4,2701.6,12050.4,3186.6,607.6,13094.8,715,3526.2,13698.4,3482.6,255.8,666.6,3738.2,14493.8,169.8,12704.8,1158.2,14640,1151,13045.6
snapshot_730793.png,snapshot_584017.png,T,R,7,5,20000,204528860517,2049.2927379,15607.8,1523.4,629.8,4552.4,4552.6,1128.4,538.2,1354.4,4503,608,399.6,479,458.2,320.6,310.8,14586.2,981.8,4595.4,4594.2,3906.8,738.8,923.2,4510.8,880,486.4,364.2,396.8,411.6,335.2,14294,4572.4,4541.4,14814.8,3773.6,420.8,4381.8,1197.6,880,277.2,332.6,420.8,369.6,4798.8,4783,3968.8,15655,312.8,4598.4,895.6,1338.8,278,298.4,415.2,450.4,3614.6,913,210.8,15038.4,3606,745,293.2,1164.4,760.6,427.2,253.2,13285.8,854.6,3700.4,3133.8,3583.6,767.2,746.8,1062,798.6,367,13182.6,766.8,4538.2,13804.4,3586.4,344.2,696,1110.4,741,297.8,5050.6,3764,14743.4,286.6,361.8,847.4,1177.4,4883.2,1000,286,14609,3782.2,866.4,344.2,13062,916.4,3550.6,13693.6,3595,723.6,13041,652,3391.2,13643.6,3456,261.2,648.6,3733.8,14511.6,177.6,12811.6,1137.2,14592,1133.4,13035.6,15573.2,1551.8,637,4324.4,4326.6,915.8,556.8,1375.6,4271.8,542.8,392.8,475,464.6,319.6,300.6,14633.4,1013,4700.4,4696.8,2826.4,803.6,978.2,4590.2,793,526,369.8,430.4,450.8,340.8,14286.8,4655,4623.8,11818.4,3877.6,464,4433.4,1101.8,937,279.4,363.8,464,385.6,4800.8,4789,3158.2,15634.8,323,4626.8,774.6,1357.6,268.8,303.2,434.6,456.2,3304.4,676.6,207.6,15084.8,3275.6,626.2,312.8,1185.2,801.8,462.8,248.4,8468.6,746.8,3040.4,3058,2179.4,686.8,618.8,877,714.2,327,11916.8,627.4,4684.6,10635.2,3144.6,289.6,602.2,1011.6,624.6,320.4,5008,3331.6,14768.8,278.2,386.2,900.4,1198,4976.8,767.4,312.8,14594.2,3814.4,913.2,354.2,9702.6,1160.4,3656.2,13984.4,4010,836,12249,472.6,2527.8,11501,2996.2,253.2,692.8,3830,14519,172,12846.8,1168.4,14708.8,1162.2,13070.4
snapshot_730793.png,snapshot_855159.png,T,R,7,5,20000,204586706412,2055.681533,15607.8,1523.4,629.8,4552.4,4552.6,1128.4,538.2,1354.4,4503,608,399.6,479,458.2,320.6,310.8,14586.2,981.8,4595.4,4594.2,3906.8,738.8,923.2,4510.8,880,486.4,364.2,396.8,411.6,335.2,14294,4572.4,4541.4,14814.8,3773.6,420.8,4381.8,1197.6,880,277.2,332.6,420.8,369.6,4798.8,4783,3968.8,15655,312.8,4598.4,895.6,1338.8,278,298.4,415.2,450.4,3614.6,913,210.8,15038.4,3606,745,293.2,1164.4,760.6,427.2,253.2,13285.8,854.6,3700.4,3133.8,3583.6,767.2,746.8,1062,798.6,367,13182.6,766.8,4538.2,13804.4,3586.4,344.2,696,1110.4,741,297.8,5050.6,3764,14743.4,286.6,361.8,847.4,1177.4,4883.2,1000,286,14609,3782.2,866.4,344.2,13062,916.4,3550.6,13693.6,3595,723.6,13041,652,3391.2,13643.6,3456,261.2,648.6,3733.8,14511.6,177.6,12811.6,1137.2,14592,1133.4,13035.6,15544.2,1536.4,618,3938.6,3938.4,898,536,1361.8,3901.2,526.6,360.6,457,442.8,295.2,282.8,14625,1012.4,4710.2,4711.4,2825,804.8,979.8,4602.2,793,523.8,368.6,432.4,445.6,340,14284.4,4570.8,4535.8,11812.8,3878.2,460.4,4405.4,1098.4,935,270.4,363,458.6,384.2,4817.6,4803,3154.4,15630.4,316.4,4633.6,776.2,1355.2,260,305.8,431,456.2,2905.6,670,194.4,15096.8,2946,619,301.2,1184,799.8,457.6,238.6,8473.2,743.6,3045.4,2887.4,2183.8,682.8,615.6,873.4,713.8,324.6,11916.2,628,4699,10627.8,3143.4,288.6,603.4,1013.2,626.6,317,5042.4,3331.4,14763.2,269.4,388.8,901.2,1195.4,4885,762,300.6,14600.8,3815.6,911.2,351.6,9704,1158.2,3659.4,13986,4013.6,831.2,12258,471,2525,11503,2994.2,245.8,692.8,3834.2,14519,363,13025.2,1171.4,14709.6,1160.6,13069
snapshot_730793.png,snapshot_139171.png,T,R,7,5,20000,204650488420,2061.4398161,15607.8,1523.4,629.8,4552.4,4552.6,1128.4,538.2,1354.4,4503,608,399.6,479,458.2,320.6,310.8,14586.2,981.8,4595.4,4594.2,3906.8,738.8,923.2,4510.8,880,486.4,364.2,396.8,411.6,335.2,14294,4572.4,4541.4,14814.8,3773.6,420.8,4381.8,1197.6,880,277.2,332.6,420.8,369.6,4798.8,4783,3968.8,15655,312.8,4598.4,895.6,1338.8,278,298.4,415.2,450.4,3614.6,913,210.8,15038.4,3606,745,293.2,1164.4,760.6,427.2,253.2,13285.8,854.6,3700.4,3133.8,3583.6,767.2,746.8,1062,798.6,367,13182.6,766.8,4538.2,13804.4,3586.4,344.2,696,1110.4,741,297.8,5050.6,3764,14743.4,286.6,361.8,847.4,1177.4,4883.2,1000,286,14609,3782.2,866.4,344.2,13062,916.4,3550.6,13693.6,3595,723.6,13041,652,3391.2,13643.6,3456,261.2,648.6,3733.8,14511.6,177.6,12811.6,1137.2,14592,1133.4,13035.6,15583.6,1538.2,624.2,4036.2,4036.6,904.2,540.4,1366.8,3996.6,537,374,456.6,451.2,310.4,290.8,14651,1010.4,4684.2,4684.2,2824,802,979.2,4586.4,793.6,523,368.2,425.6,450.8,344.4,14287.4,4514.8,4483,11810.6,3877.6,462.6,4378,1098,932.2,272.4,356.8,462.2,387.8,4869,4858.8,3156.8,15619.8,323.6,4653.4,776.8,1355.8,266,300.8,438.4,457,2959.4,672.2,189,15083.6,2952.4,619.8,303.6,1184.4,799.2,461.6,239,8461.6,745,3045,2991.4,2179.2,682.4,615.8,874,713.2,325.6,11906.4,626.4,4673.6,10624.4,3143,289.4,601,1009.8,626.2,321.6,5058.4,3330.6,14758,274,383.8,900.8,1194.6,4931.2,763.6,304.6,14593.6,3815.6,910.6,352.2,9699.6,1160.8,3658.6,13978.6,4007.4,831,12262,468,2523.2,11496.8,2993.4,250,692.6,3830.4,14516.6,169.2,12757.2,1166.6,14704.8,1162,13110.4
snapshot_730793.png,snapshot_941679.png,T,R,7,5,20000,204708132616,2067.1877419,15607.8,1523.4,629.8,4552.4,4552.6,1128.4,538.2,1354.4,4503,608,399.6,479,458.2,320.6,310.8,14586.2,981.8,4595.4,4594.2,3906.8,738.8,923.2,4510.8,880,486.4,364.2,396.8,411.6,335.2,14294,4572.4,4541.4,14814.8,3773.6,420.8,4381.8,1197.6,880,277.2,332.6,420.8,369.6,4798.8,4783,3968.8,15655,312.8,4598.4,895.6,1338.8,278,298.4,415.2,450.4,3614.6,913,210.8,15038.4,3606,745,293.2,1164.4,760.6,427.2,253.2,13285.8,854.6,3700.4,3133.8,3583.6,767.2,746.8,1062,798.6,367,13182.6,766.8,4538.2,13804.4,3586.4,344.2,696,1110.4,741,297.8,5050.6,3764,14743.4,286.6,361.8,847.4,1177.4,4883.2,1000,286,14609,3782.2,866.4,344.2,13062,916.4,3550.6,13693.6,3595,723.6,13041,652,3391.2,13643.6,3456,261.2,648.6,3733.8,14511.6,177.6,12811.6,1137.2,14592,1133.4,13035.6,15551.4,1532.4,609.2,3868.6,3868.4,896.2,531.2,1361.4,3835.8,523.6,360.6,454.4,435.6,288.4,278,14618,1009.8,4700,4696,2822,801.2,979.4,4595.2,791.2,524.4,366,426.8,444.8,341.2,14294.6,4545.6,4515.4,11804,3878,461,4393.4,1097.2,935,270,356,460.4,382.8,4749.4,4736.6,3153.4,15626,320.2,4611,773.4,1354.8,258.4,296.4,429.6,456,3039.8,671.2,192.6,15083.6,3061.8,619.6,305,1181.6,797.8,459.4,241,8453.8,743,3042.6,2755.8,2181.4,680.8,611.6,874.2,711.4,321.4,11902.4,628.2,4680,10620,3143,285.2,602.4,1010.2,625.2,319,5016.6,3329.6,14759.2,270.2,381.4,900.6,1193.8,4935.6,761.4,302.8,14593,3814.6,913.2,350.6,9696.6,1157,3658.8,13982,4008,833,12259.6,467,2522.4,11502.8,2991.2,245,694.6,3830.2,14516,168.2,12753.2,1165.2,14706.8,1160.6,13069.6
snapshot_730793.png,snapshot_675041.png,T,R,7,5,20000,204765560904,2072.9212729,15607.8,1523.4,629.8,4552.4,4552.6,1128.4,538.2,1354.4,4503,608,399.6,479,458.2,320.6,310.8,14586.2,981.8,4595.4,4594.2,3906.8,738.8,923.2,4510.8,880,486.4,364.2,396.8,411.6,335.2,14294,4572.4,4541.4,14814.8,3773.6,420.8,4381.8,1197.6,880,277.2,332.6,420.8,369.6,4798.8,4783,3968.8,15655,312.8,4598.4,895.6,1338.8,278,298.4,415.2,450.4,3614.6,913,210.8,15038.4,3606,745,293.2,1164.4,760.6,427.2,253.2,13285.8,854.6,3700.4,3133.8,3583.6,767.2,746.8,1062,798.6,367,13182.6,766.8,4538.2,13804.4,3586.4,344.2,696,1110.4,741,297.8,5050.6,3764,14743.4,286.6,361.8,847.4,1177.4,4883.2,1000,286,14609,3782.2,866.4,344.2,13062,916.4,3550.6,13693.6,3595,723.6,13041,652,3391.2,13643.6,3456,261.2,648.6,3733.8,14511.6,177.6,12811.6,1137.2,14592,1133.4,13035.6,15547.2,1535.6,614.4,3873.2,3873,894,530.8,1360.8,3839.2,521,357.4,454.8,440.8,288.8,279.2,14612.2,1011,4772,4767.8,2822.6,801.8,979.4,4636.2,792.4,527.4,367.2,436,446,342.2,14273.2,4612.2,4581.4,11797.2,3876,458.8,4419.4,1098.6,937,270.6,365.2,460,384,4827,4812.2,3154.4,15622.2,315.4,4638.2,772.8,1356.4,258.6,308.6,429.2,455.4,2971,669.6,189.4,15090,3018.6,618.2,303.2,1182,797.8,458.2,240,8464.6,742,3044,2862.8,2182.6,682,613.6,874.6,711.2,322.6,11899.6,625.8,4679.8,10622.2,3142.2,284.6,603,1009.8,625.2,316,5053,3331.8,14755.4,271.6,390.2,900.4,1194,4895.4,760.2,300,14595,3812.2,911.4,351.8,9709.2,1163,3659,13968.2,4009,830.6,12247,467.6,2518.6,11502.4,2991.8,246.2,696.2,3831.4,14517.4,379.2,13258.6,1170.2,14709.4,1162.2,13070.8
snapshot_730793.png,snapshot_975159.png,T,R,7,5,20000,204998105591,2096.1695046,15607.8,1523.4,629.8,4552.4,4552.6,1128.4,538.2,1354.4,4503,608,399.6,479,458.2,320.6,310.8,14586.2,981.8,4595.4,4594.2,3906.8,738.8,923.2,4510.8,880,486.4,364.2,396.8,411.6,335.2,14294,4572.4,4541.4,14814.8,3773.6,420.8,4381.8,1197.6,880,277.2,332.6,420.8,369.6,4798.8,4783,3968.8,15655,312.8,4598.4,895.6,1338.8,278,298.4,415.2,450.4,3614.6,913,210.8,15038.4,3606,745,293.2,1164.4,760.6,427.2,253.2,13285.8,854.6,3700.4,3133.8,3583.6,767.2,746.8,1062,798.6,367,13182.6,766.8,4538.2,13804.4,3586.4,344.2,696,1110.4,741,297.8,5050.6,3764,14743.4,286.6,361.8,847.4,1177.4,4883.2,1000,286,14609,3782.2,866.4,344.2,13062,916.4,3550.6,13693.6,3595,723.6,13041,652,3391.2,13643.6,3456,261.2,648.6,3733.8,14511.6,177.6,12811.6,1137.2,14592,1133.4,13035.6,15548.8,1529.6,631.2,4324.4,4326.2,981.2,555.6,1349.8,4273.6,481,406.2,471.4,458.4,330,306.6,14555.8,997.4,4651.8,4651,3337.8,792.8,930,4560.8,589.4,553,364,411.6,446.6,344.2,14268.6,4536.8,4508.2,13692.4,3862.2,434.6,4382.8,801.2,1024.2,273.6,349.6,470,393.4,4787,4773.8,3490.2,15629.4,316,4622.2,594.2,1465,270,305.2,455.6,470.6,3256.2,674.2,208.2,14999.2,3278.4,468.2,318.8,1164.6,766.6,452.2,249.4,10649.4,1084.4,3748.4,3056,2555.8,1022.8,770.8,1130,938.6,419.6,11479.8,580.8,4721.4,8157,3039.6,291.2,558,963,619.2,316.4,5077.6,2396.4,14636.6,280.4,405.8,987.6,1240.2,4971.2,640,324,14579.4,3790.4,906,355,9881.6,1207,3574.8,13775.8,3888.2,812,10033,374.6,2225.8,9395.2,2311.2,251.4,759.8,4082.4,14668.2,173.2,12888.6,1190,14788.2,1187.8,13193
snapshot_730793.png,snapshot_615712.png,T,R,7,5,20000,205055418569,2101.9099283,15607.8,1523.4,629.8,4552.4,4552.6,1128.4,538.2,1354.4,4503,608,399.6,479,458.2,320.6,310.8,14586.2,981.8,4595.4,4594.2,3906.8,738.8,923.2,4510.8,880,486.4,364.2,396.8,411.6,335.2,14294,4572.4,4541.4,14814.8,3773.6,420.8,4381.8,1197.6,880,277.2,332.6,420.8,369.6,4798.8,4783,3968.8,15655,312.8,4598.4,895.6,1338.8,278,298.4,415.2,450.4,3614.6,913,210.8,15038.4,3606,745,293.2,1164.4,760.6,427.2,253.2,13285.8,854.6,3700.4,3133.8,3583.6,767.2,746.8,1062,798.6,367,13182.6,766.8,4538.2,13804.4,3586.4,344.2,696,1110.4,741,297.8,5050.6,3764,14743.4,286.6,361.8,847.4,1177.4,4883.2,1000,286,14609,3782.2,866.4,344.2,13062,916.4,3550.6,13693.6,3595,723.6,13041,652,3391.2,13643.6,3456,261.2,648.6,3733.8,14511.6,177.6,12811.6,1137.2,14592,1133.4,13035.6,15531,1512.4,612.2,3901.2,3900,962.4,537,1339.4,3865.6,458.2,378.2,448,433.8,286.4,281.6,14550.4,995.4,4644.6,4642.4,3342.2,791.4,932.2,4562.6,590.4,549.6,356.8,409.2,438.2,343.2,14273,4563.8,4531.2,13687.6,3862.6,433.6,4401.8,798.4,1025.4,265.6,345.4,465.6,390.6,4805.8,4792.6,3490.4,15620,318,4629.4,594,1465.2,259.2,299.6,445.4,466.8,2929.6,673.8,198.4,14995.2,2965.8,462.6,309.6,1163,766.4,443.2,237.6,10655.6,1081.8,3752.4,2796.2,2558,1020.4,770.8,1131.2,939.2,419.4,11470.8,581.4,4721.8,8159,3041.2,286.6,557.2,961,619.8,317.8,5078.8,2395.4,14635.4,272.4,403.6,988.8,1238,4950.2,638.2,318.8,14582.8,3792.6,907.2,352,9886.6,1204.6,3577.8,13782,3893.8,809.8,10034.4,374.6,2224.4,9398.4,2309.4,247.2,759.2,4083.6,14664.8,168.4,12803.4,1189.4,14792.2,1186,13163.4
snapshot_730793.png,snapshot_377936.png,T,R,7,5,20000,205112824119,2108.3592251,15607.8,1523.4,629.8,4552.4,4552.6,1128.4,538.2,1354.4,4503,608,399.6,479,458.2,320.6,310.8,14586.2,981.8,4595.4,4594.2,3906.8,738.8,923.2,4510.8,880,486.4,364.2,396.8,411.6,335.2,14294,4572.4,4541.4,14814.8,3773.6,420.8,4381.8,1197.6,880,277.2,332.6,420.8,369.6,4798.8,4783,3968.8,15655,312.8,4598.4,895.6,1338.8,278,298.4,415.2,450.4,3614.6,913,210.8,15038.4,3606,745,293.2,1164.4,760.6,427.2,253.2,13285.8,854.6,3700.4,3133.8,3583.6,767.2,746.8,1062,798.6,367,13182.6,766.8,4538.2,13804.4,3586.4,344.2,696,1110.4,741,297.8,5050.6,3764,14743.4,286.6,361.8,847.4,1177.4,4883.2,1000,286,14609,3782.2,866.4,344.2,13062,916.4,3550.6,13693.6,3595,723.6,13041,652,3391.2,13643.6,3456,261.2,648.6,3733.8,14511.6,177.6,12811.6,1137.2,14592,1133.4,13035.6,15513.2,1519.8,614,4015.2,4017.2,962.2,536.8,1341.2,3976,461.4,380,459.2,433.4,300.8,285,14544.4,997,4642.2,4640,3338.8,791.2,929,4562,591.6,551.2,361.4,407,441.2,338.2,14252,4599,4568,13680,3861.2,430.4,4413,800.2,1024.8,273.2,348,467.4,389.6,4809.2,4793.8,3487.2,15618.4,312.2,4633.6,597.6,1464.6,269.4,297.2,449.8,466,3050.6,674.6,187,14993.4,3097,465.6,315.2,1165,766.4,446,242.6,10653.2,1081.6,3749.4,2716.6,2557.2,1021.6,772.4,1126.8,938.4,414.2,11470,581.2,4750.6,8154.8,3038.2,293.8,559.2,962.2,617.8,313.6,5083.4,2395,14631.4,281,402.4,987.6,1239.4,4953.2,638.6,324,14574.4,3792,906.6,351.6,9881.8,1208.6,3574.8,13763.6,3891.6,808,10026.4,376.2,2226.4,9390.4,2310.4,255.4,756,4083.2,14662.4,172,12811.4,1189.6,14786,1185.8,13185.4
snapshot_730793.png,snapshot_81339.png,T,R,7,5,20000,205177213868,2114.0822312,15607.8,1523.4,629.8,4552.4,4552.6,1128.4,538.2,1354.4,4503,608,399.6,479,458.2,320.6,310.8,14586.2,981.8,4595.4,4594.2,3906.8,738.8,923.2,4510.8,880,486.4,364.2,396.8,411.6,335.2,14294,4572.4,4541.4,14814.8,3773.6,420.8,4381.8,1197.6,880,277.2,332.6,420.8,369.6,4798.8,4783,3968.8,15655,312.8,4598.4,895.6,1338.8,278,298.4,415.2,450.4,3614.6,913,210.8,15038.4,3606,745,293.2,1164.4,760.6,427.2,253.2,13285.8,854.6,3700.4,3133.8,3583.6,767.2,746.8,1062,798.6,367,13182.6,766.8,4538.2,13804.4,3586.4,344.2,696,1110.4,741,297.8,5050.6,3764,14743.4,286.6,361.8,847.4,1177.4,4883.2,1000,286,14609,3782.2,866.4,344.2,13062,916.4,3550.6,13693.6,3595,723.6,13041,652,3391.2,13643.6,3456,261.2,648.6,3733.8,14511.6,177.6,12811.6,1137.2,14592,1133.4,13035.6,15531.8,1518.8,621,4105.6,4110.8,967.4,540,1344,4070.6,464.4,381,457,443.8,301.4,291.4,14542.2,997,4637.4,4637.4,3336.4,791.4,930.2,4558.6,590.2,549,357.2,407,439.4,339,14270.4,4503.6,4472,13685,3860.2,429.8,4377.6,799.6,1023,264.2,346.4,464.8,389.2,4759.6,4745.6,3486.6,15621.2,311.4,4612.6,592.4,1463.4,260.2,297.4,446.2,467.6,2929.4,673.4,184.4,14993.4,2999,462.4,309.6,1162.4,766,442.2,239,10649.4,1084.2,3745.2,2934.8,2558.2,1022.8,771,1130.6,939.8,417.2,11470.8,578,4715.2,8157.2,3036.8,285.6,556.6,963.4,618,312,5014.2,2392.6,14641.6,270.8,401.2,985.2,1237.8,4920,635,317.4,14576.2,3790.2,905.6,353.4,9894,1204.6,3576,13775.8,3892.8,807.6,10016.6,371.2,2225,9393.2,2308.8,247.6,756.2,4083,14662.6,170.8,12843.6,1189.6,14787.6,1184.2,13163
snapshot_730793.png,snapshot_27662.png,T,R,7,5,20000,205234611718,2119.8484688,15607.8,1523.4,629.8,4552.4,4552.6,1128.4,538.2,1354.4,4503,608,399.6,479,458.2,320.6,310.8,14586.2,981.8,4595.4,4594.2,3906.8,738.8,923.2,4510.8,880,486.4,364.2,396.8,411.6,335.2,14294,4572.4,4541.4,14814.8,3773.6,420.8,4381.8,1197.6,880,277.2,332.6,420.8,369.6,4798.8,4783,3968.8,15655,312.8,4598.4,895.6,1338.8,278,298.4,415.2,450.4,3614.6,913,210.8,15038.4,3606,745,293.2,1164.4,760.6,427.2,253.2,13285.8,854.6,3700.4,3133.8,3583.6,767.2,746.8,1062,798.6,367,13182.6,766.8,4538.2,13804.4,3586.4,344.2,696,1110.4,741,297.8,5050.6,3764,14743.4,286.6,361.8,847.4,1177.4,4883.2,1000,286,14609,3782.2,866.4,344.2,13062,916.4,3550.6,13693.6,3595,723.6,13041,652,3391.2,13643.6,3456,261.2,648.6,3733.8,14511.6,177.6,12811.6,1137.2,14592,1133.4,13035.6,15523.4,1513.6,613.2,3966.6,3970,960,533,1341,3931,456.4,377.2,453.8,429.4,295.8,284,14527.8,997.4,4701.8,4701,3335.8,791.8,930.8,4596.2,590.8,551.2,358.4,408.6,441.2,340,14254.4,4524.4,4491.4,13685,3859,432.6,4384.2,800,1022.2,264.6,345,464,390.6,4793.8,4783.4,3484.6,15614.6,317.6,4630.6,594.4,1462.6,258.6,296.8,447.4,466.4,2953.6,673.4,183.2,14982.4,2979.8,462.8,308.6,1162.8,765,443.8,238.6,10647.4,1081.8,3745.6,2760.4,2558,1021,769.8,1128.8,939.4,415.6,11469.6,579,4725.8,8156,3039.2,287.6,557.4,961.6,618,316,5020.8,2393,14639.6,271,401.2,986.4,1237,4900.2,634.4,313.8,14578.8,3790.6,904.4,351.6,9883.2,1208,3574.2,13771,3891.2,806.4,10014.8,372,2225,9389.8,2309.2,247.4,756.8,4083.6,14661.4,169.2,12795.4,1189.4,14783.8,1185.2,13175.8
snapshot_730793.png,snapshot_880945.png,T,R,7,5,20000,205427217898,2139.1147081,15607.8,1523.4,629.8,4552.4,4552.6,1128.4,538.2,1354.4,4503,608,399.6,479,458.2,320.6,310.8,14586.2,981.8,4595.4,4594.2,3906.8,738.8,923.2,4510.8,880,486.4,364.2,396.8,411.6,335.2,14294,4572.4,4541.4,14814.8,3773.6,420.8,4381.8,1197.6,880,277.2,332.6,420.8,369.6,4798.8,4783,3968.8,15655,312.8,4598.4,895.6,1338.8,278,298.4,415.2,450.4,3614.6,913,210.8,15038.4,3606,745,293.2,1164.4,760.6,427.2,253.2,13285.8,854.6,3700.4,3133.8,3583.6,767.2,746.8,1062,798.6,367,13182.6,766.8,4538.2,13804.4,3586.4,344.2,696,1110.4,741,297.8,5050.6,3764,14743.4,286.6,361.8,847.4,1177.4,4883.2,1000,286,14609,3782.2,866.4,344.2,13062,916.4,3550.6,13693.6,3595,723.6,13041,652,3391.2,13643.6,3456,261.2,648.6,3733.8,14511.6,177.6,12811.6,1137.2,14592,1133.4,13035.6,15560.6,1522.2,628.6,4286.4,4288.8,1119.2,541.8,1352.2,4238,422.2,402.6,472,465.6,318.8,297,14548,984.8,4690.2,4690.4,3855.8,760.4,929.2,4584.2,431.8,526.8,367.8,425.8,445.6,341,14232.4,4517.4,4493.8,14675.2,3795.4,427,4378,547.2,943.2,276.8,357.4,461.8,387,4802.4,4786.4,3909,15618.8,315.2,4627.2,427.6,1386.4,274.8,310,447.4,463.2,3303,914.4,201.2,14995.8,3275,329,319.4,1172.2,808.6,465.4,249.4,13114.8,939,3746.6,3145.6,1783.4,935.8,779.8,1216.6,967.2,423.2,13013.2,784.4,4665,7646,3787.6,367,829.4,1352.8,837.2,317.8,5104.8,1725.6,14948,286,424.4,998.6,1261,4891.6,449.6,324.8,14609,3919.6,952.6,365.4,6964.6,939.2,3040,11220.2,2991.8,667.6,7525.2,282.4,1725,8372,1636,259.8,852.8,4320.6,14905.4,182,13207.8,1276.2,14955.8,1272,13306
snapshot_730793.png,snapshot_238849.png,T,R,7,5,20000,205484796072,2144.8422433,15607.8,1523.4,629.8,4552.4,4552.6,1128.4,538.2,1354.4,4503,608,399.6,479,458.2,320.6,310.8,14586.2,981.8,4595.4,4594.2,3906.8,738.8,923.2,4510.8,880,486.4,364.2,396.8,411.6,335.2,14294,4572.4,4541.4,14814.8,3773.6,420.8,4381.8,1197.6,880,277.2,332.6,420.8,369.6,4798.8,4783,3968.8,15655,312.8,4598.4,895.6,1338.8,278,298.4,415.2,450.4,3614.6,913,210.8,15038.4,3606,745,293.2,1164.4,760.6,427.2,253.2,13285.8,854.6,3700.4,3133.8,3583.6,767.2,746.8,1062,798.6,367,13182.6,766.8,4538.2,13804.4,3586.4,344.2,696,1110.4,741,297.8,5050.6,3764,14743.4,286.6,361.8,847.4,1177.4,4883.2,1000,286,14609,3782.2,866.4,344.2,13062,916.4,3550.6,13693.6,3595,723.6,13041,652,3391.2,13643.6,3456,261.2,648.6,3733.8,14511.6,177.6,12811.6,1137.2,14592,1133.4,13035.6,15536.2,1506,612.8,3934.8,3937,1104,523.2,1342.4,3902,396.2,373.2,451.6,446.8,293.8,282.4,14528,985.6,4701,4700.4,3857,761.2,928.6,4595.4,434.4,528.2,359.2,425,442.8,340.8,14224.6,4567.8,4537.4,14670.6,3796,426.4,4404.2,548.8,943.4,264.8,356.8,459.2,386.4,4788.6,4776.4,3908,15617.8,312.4,4624.8,429.6,1388,259.6,307,444.4,464,2823.8,910.8,176.8,15004.4,2862.4,323.4,308.8,1172.6,806.8,457.2,239,13140.6,936.6,3748.6,2764.4,1781.2,930.2,779.8,1216.8,965.8,419.4,13008.8,783.6,4672.4,7644.2,3786,361.6,830.8,1353.8,836.6,318,5128,1724.6,14944,273.4,422.8,999,1260.8,4914.4,454.2,326.8,14606.6,3920.4,954.6,364.6,6964.2,939.2,3043,11217.2,2996.4,666.8,7535.4,275.2,1724.8,8371.4,1636.6,249.2,848.8,4322.2,14904.4,246,13209.4,1278.2,14957.8,1271.6,13289.2
snapshot_730793.png,snapshot_843767.png,T,R,7,5,20000,205542123227,2151.2865178,15607.8,1523.4,629.8,4552.4,4552.6,1128.4,538.2,1354.4,4503,608,399.6,479,458.2,320.6,310.8,14586.2,981.8,4595.4,4594.2,3906.8,738.8,923.2,4510.8,880,486.4,364.2,396.8,411.6,335.2,14294,4572.4,4541.4,14814.8,3773.6,420.8,4381.8,1197.6,880,277.2,332.6,420.8,369.6,4798.8,4783,3968.8,15655,312.8,4598.4,895.6,1338.8,278,298.4,415.2,450.4,3614.6,913,210.8,15038.4,3606,745,293.2,1164.4,760.6,427.2,253.2,13285.8,854.6,3700.4,3133.8,3583.6,767.2,746.8,1062,798.6,367,13182.6,766.8,4538.2,13804.4,3586.4,344.2,696,1110.4,741,297.8,5050.6,3764,14743.4,286.6,361.8,847.4,1177.4,4883.2,1000,286,14609,3782.2,866.4,344.2,13062,916.4,3550.6,13693.6,3595,723.6,13041,652,3391.2,13643.6,3456,261.2,648.6,3733.8,14511.6,177.6,12811.6,1137.2,14592,1133.4,13035.6,15534.6,1506.8,611.4,3958.4,3961.8,1100.8,526.6,1344.4,3927.4,389.2,379.6,454.6,442.8,295.4,279.4,14528.6,982.8,4648.4,4647.2,3856,759.8,927,4568,429,523,357.2,420.4,441.8,338.2,14222.2,4551.4,4521,14667,3795,426.4,4395.6,547.4,941.8,264.2,353,459.6,384.4,4789.8,4775.2,3907.6,15615.4,310.8,4622.6,425.4,1387.6,258.6,300.2,446,462,3067.4,912.8,184.8,14996,3083.2,323.6,308.6,1174,807.4,460.2,243.6,13124,936,3748.4,2688.6,1785.8,930.6,780.4,1217,965.2,418.8,13006.8,785.2,4712.2,7644.6,3785.6,362,832.4,1354.8,836.2,314.8,5063.4,1724.4,14951.8,272,417.4,997.6,1260.8,4982.4,456.4,330.8,14599.8,3922,955.8,365.4,6970,937,3042.6,11225.2,2997,665,7520.4,274.6,1727,8369.8,1635.6,249.8,849.6,4322,14902.4,169.2,12955.2,1275.8,14954.8,1271.8,13289
snapshot_730793.png,snapshot_265711.png,T,R,7,5,20000,205606724172,2157.038296,15607.8,1523.4,629.8,4552.4,4552.6,1128.4,538.2,1354.4,4503,608,399.6,479,458.2,320.6,310.8,14586.2,981.8,4595.4,4594.2,3906.8,738.8,923.2,4510.8,880,486.4,364.2,396.8,411.6,335.2,14294,4572.4,4541.4,14814.8,3773.6,420.8,4381.8,1197.6,880,277.2,332.6,420.8,369.6,4798.8,4783,3968.8,15655,312.8,4598.4,895.6,1338.8,278,298.4,415.2,450.4,3614.6,913,210.8,15038.4,3606,745,293.2,1164.4,760.6,427.2,253.2,13285.8,854.6,3700.4,3133.8,3583.6,767.2,746.8,1062,798.6,367,13182.6,766.8,4538.2,13804.4,3586.4,344.2,696,1110.4,741,297.8,5050.6,3764,14743.4,286.6,361.8,847.4,1177.4,4883.2,1000,286,14609,3782.2,866.4,344.2,13062,916.4,3550.6,13693.6,3595,723.6,13041,652,3391.2,13643.6,3456,261.2,648.6,3733.8,14511.6,177.6,12811.6,1137.2,14592,1133.4,13035.6,15512.4,1506.2,615.4,3962.6,3961.2,1102.4,525.4,1341.2,3926.8,391,371.8,450.4,450.6,297,287,14500.8,984,4680.4,4679.2,3857.8,758.4,929.8,4584.4,428.4,523,359.6,422.8,441,343.2,14224.8,4497.4,4466.8,14674.4,3795.4,425,4381,546.4,942.2,265.2,350.8,458,387.4,4822,4808.4,3909.2,15605.4,314.2,4635.6,425,1387.2,259.8,304.8,443.2,467,3117.4,913.2,187.6,14985.6,3093.4,323.4,313.2,1171,807.6,461.6,247.8,13121.2,935.2,3749.4,2707.8,1786.6,931.2,778.6,1215.8,966,420.2,12999.2,787.4,4702.6,7644,3784.2,361.8,831,1353.4,838.6,314.8,5069.2,1722.4,14949,272.8,418,999.4,1259.4,4950.8,451.4,326.6,14602.8,3920.2,954.4,364,6971.2,934,3043.8,11223,2995.6,665,7518.8,276.2,1724.2,8369.4,1634.4,249.8,849.2,4321.4,14900.2,169.2,12957.6,1273.6,14957,1271.2,13288.4
snapshot_730793.png,snapshot_930433.png,T,R,7,5,20000,205664103041,2162.7824,15607.8,1523.4,629.8,4552.4,4552.6,1128.4,538.2,1354.4,4503,608,399.6,479,458.2,320.6,310.8,14586.2,981.8,4595.4,4594.2,3906.8,738.8,923.2,4510.8,880,486.4,364.2,396.8,411.6,335.2,14294,4572.4,4541.4,14814.8,3773.6,420.8,4381.8,1197.6,880,277.2,332.6,420.8,369.6,4798.8,4783,3968.8,15655,312.8,4598.4,895.6,1338.8,278,298.4,415.2,450.4,3614.6,913,210.8,15038.4,3606,745,293.2,1164.4,760.6,427.2,253.2,13285.8,854.6,3700.4,3133.8,3583.6,767.2,746.8,1062,798.6,367,13182.6,766.8,4538.2,13804.4,3586.4,344.2,696,1110.4,741,297.8,5050.6,3764,14743.4,286.6,361.8,847.4,1177.4,4883.2,1000,286,14609,3782.2,866.4,344.2,13062,916.4,3550.6,13693.6,3595,723.6,13041,652,3391.2,13643.6,3456,261.2,648.6,3733.8,14511.6,177.6,12811.6,1137.2,14592,1133.4,13035.6,15502.4,1505.4,618.2,4042.4,4046,1107.8,529.8,1343.2,4007.6,398.4,380,458.8,454,296,290.8,14502.8,980.6,4634.4,4632.8,3855,758.2,930.4,4558,424.6,522.6,358.4,422.8,440.4,342.4,14218.6,4703,4676,14637.8,3792.6,431.8,4454,551.2,946.6,269.8,358,464,387,4778.2,4762.4,3906.8,15607.6,318.4,4619.6,422.8,1386.4,263.4,305.8,443.6,465.8,2948,909,183.2,14984.8,2957.4,321.8,308.2,1170.2,806.2,462.2,240.4,13114.8,937.4,3742.4,2816.4,1786,934,777,1218.8,965.8,419.6,13002.6,783,4673.8,7643.2,3787,361.2,829.8,1353.6,833.8,322.6,5103.6,1724.4,14937.6,279.2,422.4,997.6,1262,4960.2,453,327,14597.8,3916.8,955.2,367,6964.4,936,3040.8,11219,2993.2,667.6,7515.8,277,1724.4,8365.4,1633.6,253.6,853,4319,14899.4,323.8,13223.6,1278.8,14954.4,1271.6,13281.8
snapshot_730793.png,snapshot_603294.png,T,R,7,5,20000,205864110420,2182.7882914,15607.8,1523.4,629.8,4552.4,4552.6,1128.4,538.2,1354.4,4503,608,399.6,479,458.2,320.6,310.8,14586.2,981.8,4595.4,4594.2,3906.8,738.8,923.2,4510.8,880,486.4,364.2,396.8,411.6,335.2,14294,4572.4,4541.4,14814.8,3773.6,420.8,4381.8,1197.6,880,277.2,332.6,420.8,369.6,4798.8,4783,3968.8,15655,312.8,4598.4,895.6,1338.8,278,298.4,415.2,450.4,3614.6,913,210.8,15038.4,3606,745,293.2,1164.4,760.6,427.2,253.2,13285.8,854.6,3700.4,3133.8,3583.6,767.2,746.8,1062,798.6,367,13182.6,766.8,4538.2,13804.4,3586.4,344.2,696,1110.4,741,297.8,5050.6,3764,14743.4,286.6,361.8,847.4,1177.4,4883.2,1000,286,14609,3782.2,866.4,344.2,13062,916.4,3550.6,13693.6,3595,723.6,13041,652,3391.2,13643.6,3456,261.2,648.6,3733.8,14511.6,177.6,12811.6,1137.2,14592,1133.4,13035.6,15538.8,1521.8,622.8,4417,4420.2,1148.8,544.8,1348.2,4370,518.8,354.4,471.6,458,326.4,308,14510.2,981.2,4666.6,4663,3942.2,767.4,921.6,4567.6,658.6,350.4,357,404.2,433.8,345.6,14236.6,4471.8,4443.8,14849.2,3814.8,418.2,4362.8,871.2,573,268,337.2,453.6,399.8,4811.8,4795.8,4017.2,15658.6,313.2,4626.8,669.4,893.8,268,301.2,452.4,490.4,3278,949.4,199.6,14987.4,3313.2,561.4,210.8,1162,760.8,441.8,249.4,13477.2,935.4,3697.4,3061,2677.4,499,751.8,1086.4,877,429.6,13512,801,4635.6,9933,2295.6,363.4,791.6,1399.8,1005.2,315,5117,2822.2,10244.8,277,409,1096.8,1516,4880.8,806,238.2,14577,3779.4,892,361.2,11278.8,583.2,3558.8,13712,3749.2,857.8,7641,524.4,3023.6,13038.8,3356.6,258.2,385.8,2592.4,11988,167.4,12786,1261,14689,1256.2,13533.2
snapshot_730793.png,snapshot_401807.png,T,R,7,5,20000,205921666484,2188.5413259,15607.8,1523.4,629.8,4552.4,4552.6,1128.4,538.2,1354.4,4503,608,399.6,479,458.2,320.6,310.8,14586.2,981.8,4595.4,4594.2,3906.8,738.8,923.2,4510.8,880,486.4,364.2,396.8,411.6,335.2,14294,4572.4,4541.4,14814.8,3773.6,420.8,4381.8,1197.6,880,277.2,332.6,420.8,369.6,4798.8,4783,3968.8,15655,312.8,4598.4,895.6,1338.8,278,298.4,415.2,450.4,3614.6,913,210.8,15038.4,3606,745,293.2,1164.4,760.6,427.2,253.2,13285.8,854.6,3700.4,3133.8,3583.6,767.2,746.8,1062,798.6,367,13182.6,766.8,4538.2,13804.4,3586.4,344.2,696,1110.4,741,297.8,5050.6,3764,14743.4,286.6,361.8,847.4,1177.4,4883.2,1000,286,14609,3782.2,866.4,344.2,13062,916.4,3550.6,13693.6,3595,723.6,13041,652,3391.2,13643.6,3456,261.2,648.6,3733.8,14511.6,177.6,12811.6,1137.2,14592,1133.4,13035.6,15518.8,1508.8,615.2,4114.2,4117.8,1138.4,533.4,1340.2,4082.2,499.2,321,457.2,439.8,301.2,293,14505.6,981.8,4629.4,4630.2,3942.6,766,921.6,4552.4,658.8,345,353.8,399.2,432.2,346,14235.2,4544.2,4511.6,14841.8,3812,418,4391,871.4,575,260.8,334.6,452.4,403.4,4824.4,4809.8,4017.8,15651.2,309.8,4631.6,669.2,890.6,259.6,293,450.8,492.4,3013,951,184.6,14983.8,3058.4,559.8,198.2,1159.2,762,438,245,13459.2,934.8,3700,2755,2682.6,492,750.2,1086.4,878,424.4,13501.6,801.2,4626.6,9938,2296.8,360.8,791.8,1401,1002,308.4,5112.2,2822.6,10238.4,268.6,406.2,1093.4,1516.8,4931.8,806.6,235.2,14572.6,3781.4,891.2,362.6,11290.6,575.2,3562.4,13717.6,3751.2,857,7638.8,522.6,3025,13036.4,3354.6,252,385.2,2593.4,11983.8,164.4,12690.6,1261,14690.4,1255.8,13547
snapshot_730793.png,snapshot_453316.png,T,R,7,5,20000,205979171831,2195.0199517,15607.8,1523.4,629.8,4552.4,4552.6,1128.4,538.2,1354.4,4503,608,399.6,479,458.2,320.6,310.8,14586.2,981.8,4595.4,4594.2,3906.8,738.8,923.2,4510.8,880,486.4,364.2,396.8,411.6,335.2,14294,4572.4,4541.4,14814.8,3773.6,420.8,4381.8,1197.6,880,277.2,332.6,420.8,369.6,4798.8,4783,3968.8,15655,312.8,4598.4,895.6,1338.8,278,298.4,415.2,450.4,3614.6,913,210.8,15038.4,3606,745,293.2,1164.4,760.6,427.2,253.2,13285.8,854.6,3700.4,3133.8,3583.6,767.2,746.8,1062,798.6,367,13182.6,766.8,4538.2,13804.4,3586.4,344.2,696,1110.4,741,297.8,5050.6,3764,14743.4,286.6,361.8,847.4,1177.4,4883.2,1000,286,14609,3782.2,866.4,344.2,13062,916.4,3550.6,13693.6,3595,723.6,13041,652,3391.2,13643.6,3456,261.2,648.6,3733.8,14511.6,177.6,12811.6,1137.2,14592,1133.4,13035.6,15521.8,1509.6,607,3941.6,3941,1130.2,528.8,1336.8,3909.8,496.6,323.4,452,429.6,291.4,285.4,14514.4,981.8,4640.4,4638.6,3944.4,764.4,920.2,4558.6,658.4,344.2,354,401.8,428.2,346.8,14222.4,4490.2,4460,14845.6,3812.4,414.2,4372.4,868.8,572.8,260.8,334.6,449.2,401.8,4821.4,4807.4,4019.6,15650.6,306.2,4636.2,670.8,892.4,259,298.8,448,492,3080.6,952,185.8,14975.2,3093,558.2,201.6,1161.4,760.6,437.6,246,13458.8,934.4,3703,2758.2,2679.8,493,751,1084.8,878.6,426.2,13494.6,802.6,4661.2,9931.4,2295.4,364.6,791.4,1400,1006,307.2,5094.2,2823.2,10236.4,267.8,408,1095.2,1515.2,4932.8,806.6,234.2,14571,3781.4,891.4,358.8,11290,582.4,3562.2,13699.6,3750.6,855,7639.6,523.2,3021.2,13040.4,3356.4,249.8,383.2,2593.8,11983,173,12860.6,1260,14689.2,1257.6,13535
snapshot_730793.png,snapshot_21429.png,T,R,7,5,20000,206043904053,2200.7868552,15607.8,1523.4,629.8,4552.4,4552.6,1128.4,538.2,1354.4,4503,608,399.6,479,458.2,320.6,310.8,14586.2,981.8,4595.4,4594.2,3906.8,738.8,923.2,4510.8,880,486.4,364.2,396.8,411.6,335.2,14294,4572.4,4541.4,14814.8,3773.6,420.8,4381.8,1197.6,880,277.2,332.6,420.8,369.6,4798.8,4783,3968.8,15655,312.8,4598.4,895.6,1338.8,278,298.4,415.2,450.4,3614.6,913,210.8,15038.4,3606,745,293.2,1164.4,760.6,427.2,253.2,13285.8,854.6,3700.4,3133.8,3583.6,767.2,746.8,1062,798.6,367,13182.6,766.8,4538.2,13804.4,3586.4,344.2,696,1110.4,741,297.8,5050.6,3764,14743.4,286.6,361.8,847.4,1177.4,4883.2,1000,286,14609,3782.2,866.4,344.2,13062,916.4,3550.6,13693.6,3595,723.6,13041,652,3391.2,13643.6,3456,261.2,648.6,3733.8,14511.6,177.6,12811.6,1137.2,14592,1133.4,13035.6,15516.4,1512.6,617.4,4085.4,4086.4,1137.8,532.8,1339.6,4052.8,501,325.2,453.6,447.6,302,290.8,14507.4,981.4,4690.8,4688.4,3941.8,764.4,922.6,4586,659.6,350.8,354.4,407.8,433.4,349.6,14217,4501,4473.4,14838.4,3812.2,421.6,4374,868.4,573.8,261.8,336.8,454.4,401.2,4826.4,4811.6,4018.4,15646.6,316.4,4637.8,669.8,893.6,260,302.6,450.2,493.4,3032.6,947.6,188,14976.8,3070.6,559.4,201,1159.4,759.4,442.2,244.2,13448.2,935.6,3695.6,2673.6,2675.6,496.4,749,1086.6,877.8,424,13510.6,801.6,4625.6,9930,2296.4,360.2,792,1398.8,1004.4,312.8,5073.6,2819.4,10228.8,271.4,409.8,1094.6,1514.6,4943.2,805.8,235.2,14571.6,3778.8,891.4,359.8,11278.6,571.2,3561.2,13717.6,3749,857.4,7647.6,527,3022.8,13033.4,3353.6,251.4,387.6,2589.6,11980.8,349.6,12976.6,1260.8,14686.8,1256.6,13551.2
snapshot_730793.png,snapshot_949759.png,T,R,7,5,20000,206101522052,2206.5623612,15607.8,1523.4,629.8,4552.4,4552.6,1128.4,538.2,1354.4,4503,608,399.6,479,458.2,320.6,310.8,14586.2,981.8,4595.4,4594.2,3906.8,738.8,923.2,4510.8,880,486.4,364.2,396.8,411.6,335.2,14294,4572.4,4541.4,14814.8,3773.6,420.8,4381.8,1197.6,880,277.2,332.6,420.8,369.6,4798.8,4783,3968.8,15655,312.8,4598.4,895.6,1338.8,278,298.4,415.2,450.4,3614.6,913,210.8,15038.4,3606,745,293.2,1164.4,760.6,427.2,253.2,13285.8,854.6,3700.4,3133.8,3583.6,767.2,746.8,1062,798.6,367,13182.6,766.8,4538.2,13804.4,3586.4,344.2,696,1110.4,741,297.8,5050.6,3764,14743.4,286.6,361.8,847.4,1177.4,4883.2,1000,286,14609,3782.2,866.4,344.2,13062,916.4,3550.6,13693.6,3595,723.6,13041,652,3391.2,13643.6,3456,261.2,648.6,3733.8,14511.6,177.6,12811.6,1137.2,14592,1133.4,13035.6,15508.2,1502.8,610.8,3947.8,3950.4,1133.4,527.8,1335.6,3916.6,494,313,450.6,434,300.6,287.2,14490,982.8,4667,4667.2,3939.6,764.8,921.4,4572.4,660.4,346.8,352.8,401,436.8,348.6,14218.8,4603.2,4571.6,14824.8,3809.4,418.8,4409.6,869.8,576,261.2,337.2,455.2,402.8,4776.4,4760.4,4016.6,15647,306.6,4615.2,670,890.8,259.2,295,452.2,493.8,3082,950.8,186.6,14969.6,3085.8,561,201.2,1159.4,761.4,441.4,247.4,13448.4,936.4,3696.4,2808,2677,493.6,750.8,1084.8,877.2,424,13492.2,803,4657.4,9926.8,2294.8,363,792,1399.8,1002.6,308,5118.8,2819.2,10222.8,268.2,409.2,1092.6,1516.4,4933.6,805.4,236.2,14566.8,3778.4,891.6,362.4,11275.4,574.6,3561.2,13712.4,3747.2,855.6,7640.4,520.6,3022.4,13033.6,3353.2,251,383.6,2590.8,11978.8,172.6,12855.8,1260,14683.2,1253.4,13571.4
