model,material,numSamples,criterion,max_depth,n_estimators,Accuracy,F1,Precision,Recall,AUC,mean_fit_time,std_fit_time,mean_score_time,std_score_time
RandomForest,copper,240,gini,1,1,0.9756473214285715,0.9756473214285715,0.9756473214285715,0.9756473214285715,0.9860735256573909,0.3800808429718018,0.02171109020717498,0.3169260025024414,0.017450620787841566
RandomForest,copper,240,gini,1,101,1.0,1.0,1.0,1.0,1.0,4.87946515083313,0.09892562711137397,0.5053508758544922,0.04340199707942647
RandomForest,copper,240,gini,1,201,1.0,1.0,1.0,1.0,1.0,9.356403684616089,0.0949806787242388,0.5535028457641602,0.03472238385193864
RandomForest,copper,240,gini,1,301,1.0,1.0,1.0,1.0,1.0,13.767160558700562,0.17187413206764965,0.689338493347168,0.040362311233784615
RandomForest,copper,240,gini,1,401,1.0,1.0,1.0,1.0,1.0,18.248293733596803,0.16327225580237878,0.8079347133636474,0.07866519326840263
RandomForest,copper,240,gini,1,501,1.0,1.0,1.0,1.0,1.0,22.598362970352174,0.11041966462944652,0.9109211444854737,0.028144250659603538
RandomForest,copper,240,gini,1,601,1.0,1.0,1.0,1.0,1.0,27.07791519165039,0.15091186111792843,0.9938246726989746,0.022484536861436824
RandomForest,copper,240,gini,1,701,1.0,1.0,1.0,1.0,1.0,32.34857311248779,0.5014650847817924,1.1236685752868651,0.04275630047169449
RandomForest,copper,240,gini,1,801,1.0,1.0,1.0,1.0,1.0,36.90593810081482,0.06167258040242047,1.1423305034637452,0.06873196016885232
RandomForest,copper,240,gini,1,901,1.0,1.0,1.0,1.0,1.0,41.81219696998596,0.5280881648181881,1.3212897300720214,0.054896847099503376
RandomForest,copper,240,gini,101,1,1.0,1.0,1.0,1.0,1.0,0.2720931529998779,0.015196398166709665,0.346342658996582,0.019024995790071882
RandomForest,copper,240,gini,101,101,1.0,1.0,1.0,1.0,1.0,5.26416540145874,0.16865888470857532,0.5171378135681153,0.04523761022029101
RandomForest,copper,240,gini,101,201,1.0,1.0,1.0,1.0,1.0,9.991752099990844,0.15117337609320433,0.6269446849822998,0.02781311146597601
RandomForest,copper,240,gini,101,301,1.0,1.0,1.0,1.0,1.0,15.042796850204468,0.1923288538908701,0.7995134353637695,0.045887237865777704
RandomForest,copper,240,gini,101,401,1.0,1.0,1.0,1.0,1.0,19.434533882141114,0.16996123630227872,0.8608182430267334,0.02066255414910124
RandomForest,copper,240,gini,101,501,1.0,1.0,1.0,1.0,1.0,24.148231935501098,0.11197581038683287,1.1041649341583253,0.09427068225537577
RandomForest,copper,240,gini,101,601,1.0,1.0,1.0,1.0,1.0,28.738765001296997,0.12178141929786179,1.1531103610992433,0.06556183196366437
RandomForest,copper,240,gini,101,701,1.0,1.0,1.0,1.0,1.0,33.96294651031494,0.474264747216254,1.450274896621704,0.04488677690537265
RandomForest,copper,240,gini,101,801,1.0,1.0,1.0,1.0,1.0,39.39231882095337,0.366172203867043,1.4618534564971923,0.09415210579341723
RandomForest,copper,240,gini,101,901,1.0,1.0,1.0,1.0,1.0,43.952227878570554,0.3679335111112415,1.5865679740905763,0.09367307455979496
RandomForest,copper,240,gini,201,1,1.0,1.0,1.0,1.0,1.0,0.27833023071289065,0.02342394367594652,0.3464855194091797,0.024086713296295414
RandomForest,copper,240,gini,201,101,1.0,1.0,1.0,1.0,1.0,5.17401614189148,0.11338283110510883,0.494538688659668,0.025931417053577478
RandomForest,copper,240,gini,201,201,1.0,1.0,1.0,1.0,1.0,9.970045852661134,0.1841314724703354,0.666063928604126,0.028301386336784994
RandomForest,copper,240,gini,201,301,1.0,1.0,1.0,1.0,1.0,14.747793245315552,0.12934768230215202,0.7719649791717529,0.027031338871219744
RandomForest,copper,240,gini,201,401,1.0,1.0,1.0,1.0,1.0,19.374470949172974,0.18529307819555535,0.8814295291900635,0.07124633900058469
RandomForest,copper,240,gini,201,501,1.0,1.0,1.0,1.0,1.0,24.06311092376709,0.2523204806290039,1.084163761138916,0.08418053197723555
RandomForest,copper,240,gini,201,601,1.0,1.0,1.0,1.0,1.0,28.68538875579834,0.324516414526102,1.199286651611328,0.06569661129597237
RandomForest,copper,240,gini,201,701,1.0,1.0,1.0,1.0,1.0,33.33117523193359,0.32662010652145307,1.335987377166748,0.05658848164836601
RandomForest,copper,240,gini,201,801,1.0,1.0,1.0,1.0,1.0,38.676331520080566,0.16802474132347778,1.4865353584289551,0.0764529960500514
RandomForest,copper,240,gini,201,901,1.0,1.0,1.0,1.0,1.0,43.22031917572021,0.15029641539343594,1.5101214408874513,0.04616593336063301
RandomForest,copper,240,gini,301,1,1.0,1.0,1.0,1.0,1.0,0.2696113109588623,0.020936016659689905,0.35567007064819334,0.023815218912348595
RandomForest,copper,240,gini,301,101,1.0,1.0,1.0,1.0,1.0,5.052512502670288,0.1180448855743815,0.5224095821380615,0.07001934881851009
RandomForest,copper,240,gini,301,201,1.0,1.0,1.0,1.0,1.0,10.06740460395813,0.12196875764811425,0.6382292747497559,0.04744821251261019
RandomForest,copper,240,gini,301,301,1.0,1.0,1.0,1.0,1.0,14.51323561668396,0.09352868875598468,0.7704998970031738,0.04949129981503529
RandomForest,copper,240,gini,301,401,1.0,1.0,1.0,1.0,1.0,19.106400108337404,0.1505765047911236,0.8964075088500977,0.06354088130647459
RandomForest,copper,240,gini,301,501,1.0,1.0,1.0,1.0,1.0,24.05932273864746,0.284949420010572,1.033999538421631,0.03558462470353885
RandomForest,copper,240,gini,301,601,1.0,1.0,1.0,1.0,1.0,28.786747217178345,0.30003805511135184,1.2195584297180175,0.034106638278324955
RandomForest,copper,240,gini,301,701,1.0,1.0,1.0,1.0,1.0,33.613072347640994,0.15273702828549277,1.36132755279541,0.08060953008796268
RandomForest,copper,240,gini,301,801,1.0,1.0,1.0,1.0,1.0,38.69595947265625,0.24796050403240522,1.4696832180023194,0.06659897400568064
RandomForest,copper,240,gini,301,901,1.0,1.0,1.0,1.0,1.0,43.39862270355225,0.44736048086589103,1.6885879516601563,0.12507123295296377
RandomForest,copper,240,gini,401,1,1.0,1.0,1.0,1.0,1.0,0.2781072616577148,0.01242293662069477,0.34355969429016114,0.013737341653724639
RandomForest,copper,240,gini,401,101,1.0,1.0,1.0,1.0,1.0,5.157749462127685,0.11258277171347479,0.4997424602508545,0.017612778883470806
RandomForest,copper,240,gini,401,201,1.0,1.0,1.0,1.0,1.0,9.870569467544556,0.07895946914702327,0.6208584785461426,0.03463039485517513
RandomForest,copper,240,gini,401,301,1.0,1.0,1.0,1.0,1.0,14.477537298202515,0.14024771686984466,0.7402608871459961,0.015314547465856365
RandomForest,copper,240,gini,401,401,1.0,1.0,1.0,1.0,1.0,19.165795516967773,0.16780879965248163,0.9452754020690918,0.04392875585900906
RandomForest,copper,240,gini,401,501,1.0,1.0,1.0,1.0,1.0,24.16032257080078,0.31189923558855137,1.0492098331451416,0.05170239613786187
RandomForest,copper,240,gini,401,601,1.0,1.0,1.0,1.0,1.0,28.787556648254395,0.19097209180771865,1.1570945262908936,0.057096593282776824
RandomForest,copper,240,gini,401,701,1.0,1.0,1.0,1.0,1.0,33.70361514091492,0.4863089979597351,1.3630386352539063,0.033870103796883426
RandomForest,copper,240,gini,401,801,1.0,1.0,1.0,1.0,1.0,38.58468437194824,0.3898663623571838,1.4886539459228516,0.12559634708544323
RandomForest,copper,240,gini,401,901,1.0,1.0,1.0,1.0,1.0,43.19903230667114,0.5366655463575692,1.5873118877410888,0.035427597970064915
RandomForest,copper,240,gini,501,1,1.0,1.0,1.0,1.0,1.0,0.2931180477142334,0.016128797026642147,0.35277466773986815,0.027968948915281698
RandomForest,copper,240,gini,501,101,1.0,1.0,1.0,1.0,1.0,5.146797513961792,0.0881461804163899,0.4693138122558594,0.009187829412369524
RandomForest,copper,240,gini,501,201,1.0,1.0,1.0,1.0,1.0,9.832886362075806,0.16266327053807506,0.6543522834777832,0.0490637393634345
RandomForest,copper,240,gini,501,301,1.0,1.0,1.0,1.0,1.0,14.577772283554078,0.21820466930236493,0.7485623359680176,0.02093426266926162
RandomForest,copper,240,gini,501,401,1.0,1.0,1.0,1.0,1.0,19.088754749298097,0.21977628198254154,0.8730072021484375,0.06348962175534267
RandomForest,copper,240,gini,501,501,1.0,1.0,1.0,1.0,1.0,23.919085836410524,0.45939703203066035,1.0370936393737793,0.055740220641642135
RandomForest,copper,240,gini,501,601,1.0,1.0,1.0,1.0,1.0,28.67488102912903,0.17740750410645417,1.1943747043609618,0.03134838493623828
RandomForest,copper,240,gini,501,701,1.0,1.0,1.0,1.0,1.0,33.488274049758914,0.3864705845857157,1.362152099609375,0.05388550702766871
RandomForest,copper,240,gini,501,801,1.0,1.0,1.0,1.0,1.0,38.814972972869874,0.3152812502478428,1.4994101524353027,0.0513510020784244
RandomForest,copper,240,gini,501,901,1.0,1.0,1.0,1.0,1.0,43.679732704162596,0.4203022632002332,1.568594741821289,0.06255773017991736
RandomForest,copper,240,gini,601,1,1.0,1.0,1.0,1.0,1.0,0.2735255718231201,0.004478605346948835,0.36927642822265627,0.030562377271581554
RandomForest,copper,240,gini,601,101,1.0,1.0,1.0,1.0,1.0,5.100934028625488,0.10572973983030377,0.5120609283447266,0.06219065269827665
RandomForest,copper,240,gini,601,201,1.0,1.0,1.0,1.0,1.0,9.926340532302856,0.18931841738051602,0.6392580509185791,0.04857853708788061
RandomForest,copper,240,gini,601,301,1.0,1.0,1.0,1.0,1.0,14.423415899276733,0.18076609711468727,0.7851300716400147,0.04965894550785641
RandomForest,copper,240,gini,601,401,1.0,1.0,1.0,1.0,1.0,19.435937023162843,0.2113882189765771,0.9204747676849365,0.05170465954420725
RandomForest,copper,240,gini,601,501,1.0,1.0,1.0,1.0,1.0,23.749354314804076,0.1943221313537427,1.066469955444336,0.03212552363643613
RandomForest,copper,240,gini,601,601,1.0,1.0,1.0,1.0,1.0,28.84244394302368,0.5056348915746255,1.1376221179962158,0.07386299938405765
RandomForest,copper,240,gini,601,701,1.0,1.0,1.0,1.0,1.0,33.679113960266115,0.2571028296036624,1.30986590385437,0.07629255289422414
RandomForest,copper,240,gini,601,801,1.0,1.0,1.0,1.0,1.0,38.35040836334228,0.16593888289665124,1.5133551597595214,0.06966054736325629
RandomForest,copper,240,gini,601,901,1.0,1.0,1.0,1.0,1.0,43.427613258361816,0.19396064224801945,1.5590555667877197,0.06723651265657561
RandomForest,copper,240,gini,701,1,1.0,1.0,1.0,1.0,1.0,0.2723822593688965,0.02628702966213605,0.36342811584472656,0.02664881075567975
RandomForest,copper,240,gini,701,101,1.0,1.0,1.0,1.0,1.0,5.1768186569213865,0.03050758684799931,0.4755701065063477,0.010328596111100298
RandomForest,copper,240,gini,701,201,1.0,1.0,1.0,1.0,1.0,9.94692940711975,0.07720523565637372,0.6205808639526367,0.025921657536281763
RandomForest,copper,240,gini,701,301,1.0,1.0,1.0,1.0,1.0,14.690063858032227,0.26320416699031896,0.8006316184997558,0.04777803604459313
RandomForest,copper,240,gini,701,401,1.0,1.0,1.0,1.0,1.0,19.30043020248413,0.08727121440788801,0.9035110950469971,0.05746529870271488
RandomForest,copper,240,gini,701,501,1.0,1.0,1.0,1.0,1.0,23.975591135025024,0.3906898078958521,1.0336122035980224,0.010839983073073996
RandomForest,copper,240,gini,701,601,1.0,1.0,1.0,1.0,1.0,28.88557572364807,0.33359992486047124,1.198164987564087,0.06758305954450944
RandomForest,copper,240,gini,701,701,1.0,1.0,1.0,1.0,1.0,33.434323692321776,0.3838818617254605,1.314025354385376,0.05880035068493094
RandomForest,copper,240,gini,701,801,1.0,1.0,1.0,1.0,1.0,38.67148728370667,0.6503413393742982,1.4078678607940673,0.052110922598950934
RandomForest,copper,240,gini,701,901,1.0,1.0,1.0,1.0,1.0,43.62692847251892,0.27578619774597324,1.6693151473999024,0.04417396976699226
RandomForest,copper,240,gini,801,1,1.0,1.0,1.0,1.0,1.0,0.2914120197296143,0.025875691814808373,0.34498867988586424,0.021150042381747766
RandomForest,copper,240,gini,801,101,1.0,1.0,1.0,1.0,1.0,5.083412408828735,0.1056945434055538,0.4954842567443848,0.0449311041069454
RandomForest,copper,240,gini,801,201,1.0,1.0,1.0,1.0,1.0,9.883956861495971,0.07395363882260438,0.6311645984649659,0.030690153510715072
RandomForest,copper,240,gini,801,301,1.0,1.0,1.0,1.0,1.0,14.5804048538208,0.17912176155238002,0.7732929706573486,0.06206309263312481
RandomForest,copper,240,gini,801,401,1.0,1.0,1.0,1.0,1.0,19.277623081207274,0.1230337460718197,0.8983834266662598,0.02184526399180492
RandomForest,copper,240,gini,801,501,1.0,1.0,1.0,1.0,1.0,23.708468532562257,0.2488604908879807,1.0690054416656494,0.0831313227655079
RandomForest,copper,240,gini,801,601,1.0,1.0,1.0,1.0,1.0,28.469642066955565,0.4642591487328341,1.1593470096588134,0.046597642415401194
RandomForest,copper,240,gini,801,701,1.0,1.0,1.0,1.0,1.0,33.22976636886597,0.342210374417326,1.3736138343811035,0.06775754979210467
RandomForest,copper,240,gini,801,801,1.0,1.0,1.0,1.0,1.0,37.963429641723636,0.5454443467834009,1.4991658210754395,0.13630589874269855
RandomForest,copper,240,gini,801,901,1.0,1.0,1.0,1.0,1.0,43.23683085441589,0.6490663642665866,1.583959436416626,0.03246488511677732
RandomForest,copper,240,gini,901,1,1.0,1.0,1.0,1.0,1.0,0.2815402507781982,0.02513359287520996,0.3359536647796631,0.015547946383559774
RandomForest,copper,240,gini,901,101,1.0,1.0,1.0,1.0,1.0,5.097144412994385,0.10376899058795426,0.4965826511383057,0.030246750236169944
RandomForest,copper,240,gini,901,201,1.0,1.0,1.0,1.0,1.0,9.939570426940918,0.1011734984662391,0.6402003288269043,0.025697209694490106
RandomForest,copper,240,gini,901,301,1.0,1.0,1.0,1.0,1.0,14.289539432525634,0.2536425408113602,0.7755431175231934,0.020387105215949306
RandomForest,copper,240,gini,901,401,1.0,1.0,1.0,1.0,1.0,19.16050410270691,0.18263174617728498,0.8980679035186767,0.055372838452861624
RandomForest,copper,240,gini,901,501,1.0,1.0,1.0,1.0,1.0,23.76219244003296,0.19222495194542266,1.0289781093597412,0.06324189861980571
RandomForest,copper,240,gini,901,601,1.0,1.0,1.0,1.0,1.0,28.555587816238404,0.3947668028804715,1.1942398071289062,0.05627064851134572
RandomForest,copper,240,gini,901,701,1.0,1.0,1.0,1.0,1.0,33.91242237091065,0.46328991060010727,1.3258030414581299,0.02022399066365274
RandomForest,copper,240,gini,901,801,1.0,1.0,1.0,1.0,1.0,38.59157404899597,0.5188012026901985,1.4177814960479735,0.06187803415927126
RandomForest,copper,240,gini,901,901,1.0,1.0,1.0,1.0,1.0,42.868130159378055,0.3332820871191121,1.486647129058838,0.06982345677564858
RandomForest,copper,240,entropy,1,1,0.9668749999999999,0.9668749999999999,0.9668749999999999,0.9668749999999999,0.9810569313249937,0.29052462577819826,0.0479824982986087,0.36195836067199705,0.04169879832771391
RandomForest,copper,240,entropy,1,101,1.0,1.0,1.0,1.0,1.0,5.140598487854004,0.18019060099051987,0.4761048793792725,0.021287894946197594
RandomForest,copper,240,entropy,1,201,1.0,1.0,1.0,1.0,1.0,9.670356798171998,0.12402761955866504,0.5451507568359375,0.019565157940686202
RandomForest,copper,240,entropy,1,301,1.0,1.0,1.0,1.0,1.0,13.850322914123534,0.20699074168816006,0.6524914264678955,0.047891897550438295
RandomForest,copper,240,entropy,1,401,1.0,1.0,1.0,1.0,1.0,18.721237993240358,0.3063394743175412,0.7344335079193115,0.03898957148762107
RandomForest,copper,240,entropy,1,501,1.0,1.0,1.0,1.0,1.0,22.692511320114136,0.2557743993645235,0.8553980350494385,0.0386447221575828
RandomForest,copper,240,entropy,1,601,1.0,1.0,1.0,1.0,1.0,27.05178322792053,0.21159683326417014,0.9288375854492188,0.027132529471007014
RandomForest,copper,240,entropy,1,701,1.0,1.0,1.0,1.0,1.0,32.35405631065369,0.2839162985370107,1.0605340957641602,0.020557030085036843
RandomForest,copper,240,entropy,1,801,1.0,1.0,1.0,1.0,1.0,36.84220156669617,0.3290295751961677,1.169100570678711,0.050107574247803134
RandomForest,copper,240,entropy,1,901,1.0,1.0,1.0,1.0,1.0,41.3595139503479,0.12477334201949056,1.2683528900146483,0.05182434561895511
RandomForest,copper,240,entropy,101,1,1.0,1.0,1.0,1.0,1.0,0.27840404510498046,0.00511656790258125,0.3371103763580322,0.01508236329584856
RandomForest,copper,240,entropy,101,101,1.0,1.0,1.0,1.0,1.0,5.227494239807129,0.057713051169003576,0.48144025802612306,0.016826442397428622
RandomForest,copper,240,entropy,101,201,1.0,1.0,1.0,1.0,1.0,10.162178134918213,0.1689822058009746,0.616808557510376,0.02356309013215385
RandomForest,copper,240,entropy,101,301,1.0,1.0,1.0,1.0,1.0,14.922908926010132,0.1413457138228068,0.7447456359863281,0.06554256239174044
RandomForest,copper,240,entropy,101,401,1.0,1.0,1.0,1.0,1.0,19.584615993499757,0.1031388246524422,0.9149997234344482,0.01858402252509011
RandomForest,copper,240,entropy,101,501,1.0,1.0,1.0,1.0,1.0,24.495486545562745,0.21562847940839847,1.043308162689209,0.05257479671249757
RandomForest,copper,240,entropy,101,601,1.0,1.0,1.0,1.0,1.0,29.068256855010986,0.12715037132345547,1.1229243278503418,0.07375848039050913
RandomForest,copper,240,entropy,101,701,1.0,1.0,1.0,1.0,1.0,33.74009480476379,0.34390568756931156,1.2729688167572022,0.032997200691696024
RandomForest,copper,240,entropy,101,801,1.0,1.0,1.0,1.0,1.0,39.60410661697388,0.37025348184295387,1.4148160934448242,0.06686044821137334
RandomForest,copper,240,entropy,101,901,1.0,1.0,1.0,1.0,1.0,43.82178888320923,0.6777229958367651,1.540936040878296,0.04581259465469555
RandomForest,copper,240,entropy,201,1,1.0,1.0,1.0,1.0,1.0,0.2713478088378906,0.021315572111725172,0.34824481010437014,0.012485841286864531
RandomForest,copper,240,entropy,201,101,1.0,1.0,1.0,1.0,1.0,5.22113299369812,0.15103235423401304,0.4698202133178711,0.006758984510128871
RandomForest,copper,240,entropy,201,201,1.0,1.0,1.0,1.0,1.0,10.198123455047607,0.12439916136859659,0.6019385814666748,0.016811438749401074
RandomForest,copper,240,entropy,201,301,1.0,1.0,1.0,1.0,1.0,14.780317783355713,0.1638749831213629,0.7408122539520263,0.04288741933197871
RandomForest,copper,240,entropy,201,401,1.0,1.0,1.0,1.0,1.0,19.557349061965944,0.2870605338464638,0.843937349319458,0.0741791926062927
RandomForest,copper,240,entropy,201,501,1.0,1.0,1.0,1.0,1.0,24.451023149490357,0.22705264316806326,1.0105812072753906,0.06834358805096163
RandomForest,copper,240,entropy,201,601,1.0,1.0,1.0,1.0,1.0,29.367808198928834,0.4004420110876576,1.145712947845459,0.0796583997893412
RandomForest,copper,240,entropy,201,701,1.0,1.0,1.0,1.0,1.0,34.116769790649414,0.6574444542826983,1.2673984050750733,0.04906536392340677
RandomForest,copper,240,entropy,201,801,1.0,1.0,1.0,1.0,1.0,39.04890375137329,0.32438343784069484,1.4261085033416747,0.07248371531663818
RandomForest,copper,240,entropy,201,901,1.0,1.0,1.0,1.0,1.0,43.74885811805725,0.5625694377900011,1.5062496662139893,0.03521170426695006
RandomForest,copper,240,entropy,301,1,1.0,1.0,1.0,1.0,1.0,0.268842077255249,0.028486968725070377,0.3370248794555664,0.015185667403534248
RandomForest,copper,240,entropy,301,101,1.0,1.0,1.0,1.0,1.0,5.09803204536438,0.0932374582467124,0.47362918853759767,0.00859318665282012
RandomForest,copper,240,entropy,301,201,1.0,1.0,1.0,1.0,1.0,10.052913570404053,0.23009083931056992,0.6217940330505372,0.031390606636941695
RandomForest,copper,240,entropy,301,301,1.0,1.0,1.0,1.0,1.0,14.873731088638305,0.22208805779228774,0.7452796459197998,0.021398026689262096
RandomForest,copper,240,entropy,301,401,1.0,1.0,1.0,1.0,1.0,19.69227042198181,0.1285711600761622,0.8696479320526123,0.04835836844694467
RandomForest,copper,240,entropy,301,501,1.0,1.0,1.0,1.0,1.0,24.338705444335936,0.30937098924542444,1.0290865421295166,0.052328292507481985
RandomForest,copper,240,entropy,301,601,1.0,1.0,1.0,1.0,1.0,29.125044965744017,0.21284990969817882,1.1143808841705323,0.048480727725393066
RandomForest,copper,240,entropy,301,701,1.0,1.0,1.0,1.0,1.0,34.06463227272034,0.42889065824592054,1.350661563873291,0.026014943499107934
RandomForest,copper,240,entropy,301,801,1.0,1.0,1.0,1.0,1.0,38.81419930458069,0.3634398167516502,1.4658227920532227,0.05870696812167871
RandomForest,copper,240,entropy,301,901,1.0,1.0,1.0,1.0,1.0,44.50723314285278,0.321000157731004,1.5307610511779786,0.06311233820141861
RandomForest,copper,240,entropy,401,1,1.0,1.0,1.0,1.0,1.0,0.2813514232635498,0.017467829722263115,0.3352962017059326,0.01834193428493234
RandomForest,copper,240,entropy,401,101,1.0,1.0,1.0,1.0,1.0,5.2253703594207765,0.029041443361510638,0.48793559074401854,0.03438831210922307
RandomForest,copper,240,entropy,401,201,1.0,1.0,1.0,1.0,1.0,10.031686925888062,0.06909914009648965,0.6132415294647217,0.03290000007904836
RandomForest,copper,240,entropy,401,301,1.0,1.0,1.0,1.0,1.0,14.924744176864625,0.12989912891960706,0.7897851467132568,0.0450209891393083
RandomForest,copper,240,entropy,401,401,1.0,1.0,1.0,1.0,1.0,19.782626342773437,0.20243253128681496,0.8399848937988281,0.05735163554061067
RandomForest,copper,240,entropy,401,501,1.0,1.0,1.0,1.0,1.0,24.645492792129517,0.1456776246057879,1.0514254093170166,0.06536535136421973
RandomForest,copper,240,entropy,401,601,1.0,1.0,1.0,1.0,1.0,29.143344974517824,0.2865498393394593,1.126352310180664,0.04599580662853325
RandomForest,copper,240,entropy,401,701,1.0,1.0,1.0,1.0,1.0,34.41178970336914,0.43489526058888994,1.3095200538635254,0.036718737778556484
RandomForest,copper,240,entropy,401,801,1.0,1.0,1.0,1.0,1.0,39.48579649925232,0.5443788204570364,1.4390394687652588,0.0432779527971474
RandomForest,copper,240,entropy,401,901,1.0,1.0,1.0,1.0,1.0,44.183348417282104,0.6061120045419276,1.5469096183776856,0.08231439624927092
RandomForest,copper,240,entropy,501,1,1.0,1.0,1.0,1.0,1.0,0.266668701171875,0.01084274821912991,0.34799370765686033,0.02897150743415688
RandomForest,copper,240,entropy,501,101,1.0,1.0,1.0,1.0,1.0,5.217904281616211,0.1091143736197394,0.49254150390625,0.0433148115176471
RandomForest,copper,240,entropy,501,201,1.0,1.0,1.0,1.0,1.0,9.998972749710083,0.1518358515977914,0.624748945236206,0.044558466828418415
RandomForest,copper,240,entropy,501,301,1.0,1.0,1.0,1.0,1.0,14.957805490493774,0.23518841930023462,0.7718513965606689,0.06896403354620216
RandomForest,copper,240,entropy,501,401,1.0,1.0,1.0,1.0,1.0,19.61204891204834,0.2217362920326344,0.8754755973815918,0.044395667884878434
RandomForest,copper,240,entropy,501,501,1.0,1.0,1.0,1.0,1.0,24.23695578575134,0.30619348196478186,1.0029390335083008,0.05922288988136122
RandomForest,copper,240,entropy,501,601,1.0,1.0,1.0,1.0,1.0,28.91295967102051,0.3285061128445824,1.2166008949279785,0.057809837252710376
RandomForest,copper,240,entropy,501,701,1.0,1.0,1.0,1.0,1.0,34.73333864212036,0.5363393895020253,1.291763925552368,0.07292702899298642
RandomForest,copper,240,entropy,501,801,1.0,1.0,1.0,1.0,1.0,39.655369234085086,0.15911738155487398,1.4690575122833252,0.11034397436584191
RandomForest,copper,240,entropy,501,901,1.0,1.0,1.0,1.0,1.0,44.58884620666504,0.5498428769520775,1.5398684978485107,0.050544389914622304
RandomForest,copper,240,entropy,601,1,1.0,1.0,1.0,1.0,1.0,0.28871922492980956,0.016465025534501635,0.35442657470703126,0.021507118932786437
RandomForest,copper,240,entropy,601,101,1.0,1.0,1.0,1.0,1.0,5.110532760620117,0.04973252625431205,0.46254611015319824,0.017377179516975087
RandomForest,copper,240,entropy,601,201,1.0,1.0,1.0,1.0,1.0,9.97294316291809,0.13464486570277423,0.653244924545288,0.03197609972660897
RandomForest,copper,240,entropy,601,301,1.0,1.0,1.0,1.0,1.0,14.913059759140015,0.19200416008927335,0.7633629322052002,0.02264320936568013
RandomForest,copper,240,entropy,601,401,1.0,1.0,1.0,1.0,1.0,19.633360147476196,0.2860668141288987,0.8515474796295166,0.06248359645558604
RandomForest,copper,240,entropy,601,501,1.0,1.0,1.0,1.0,1.0,24.553071355819704,0.5515152187972482,1.02294020652771,0.09625369139831616
RandomForest,copper,240,entropy,601,601,1.0,1.0,1.0,1.0,1.0,29.24450578689575,0.23339615244419148,1.1336859226226808,0.04853635135357467
RandomForest,copper,240,entropy,601,701,1.0,1.0,1.0,1.0,1.0,34.00613517761231,0.32877827266405013,1.32598819732666,0.04938500221547461
RandomForest,copper,240,entropy,601,801,1.0,1.0,1.0,1.0,1.0,39.252623558044434,0.2929903020681209,1.4605584144592285,0.08518279758883986
RandomForest,copper,240,entropy,601,901,1.0,1.0,1.0,1.0,1.0,44.205277347564696,0.2626990188838196,1.6104018688201904,0.030621061193345133
RandomForest,copper,240,entropy,701,1,1.0,1.0,1.0,1.0,1.0,0.2672276973724365,0.012558319929683074,0.3459187030792236,0.02505068149456128
RandomForest,copper,240,entropy,701,101,1.0,1.0,1.0,1.0,1.0,5.095678758621216,0.062455233478199056,0.46909008026123045,0.03853179130204469
RandomForest,copper,240,entropy,701,201,1.0,1.0,1.0,1.0,1.0,9.981383037567138,0.0410917151816369,0.6104612827301026,0.016667465604431286
RandomForest,copper,240,entropy,701,301,1.0,1.0,1.0,1.0,1.0,14.798822355270385,0.25660764946022374,0.7605690479278564,0.0567651078534419
RandomForest,copper,240,entropy,701,401,1.0,1.0,1.0,1.0,1.0,19.557696676254274,0.17461602999054956,0.85747389793396,0.04814701775042687
RandomForest,copper,240,entropy,701,501,1.0,1.0,1.0,1.0,1.0,24.387327241897584,0.2755751205919065,1.0640209674835206,0.05522750757377386
RandomForest,copper,240,entropy,701,601,1.0,1.0,1.0,1.0,1.0,29.113005304336546,0.3228949079909052,1.1644654273986816,0.06429050662010576
RandomForest,copper,240,entropy,701,701,1.0,1.0,1.0,1.0,1.0,34.07075471878052,0.42136557590983864,1.3217738628387452,0.05511129898878277
RandomForest,copper,240,entropy,701,801,1.0,1.0,1.0,1.0,1.0,39.513995504379274,0.3112415753544626,1.4877213954925537,0.07574519427718981
RandomForest,copper,240,entropy,701,901,1.0,1.0,1.0,1.0,1.0,44.44581117630005,0.36234397172008925,1.5779892921447753,0.11804079336165195
RandomForest,copper,240,entropy,801,1,1.0,1.0,1.0,1.0,1.0,0.2666611194610596,0.011117402093758525,0.3346752166748047,0.01754869766230412
RandomForest,copper,240,entropy,801,101,1.0,1.0,1.0,1.0,1.0,5.204826068878174,0.08853010571306755,0.49323525428771975,0.05608043050899591
RandomForest,copper,240,entropy,801,201,1.0,1.0,1.0,1.0,1.0,10.078997802734374,0.10200543756195281,0.6345965385437011,0.031334656362963835
RandomForest,copper,240,entropy,801,301,1.0,1.0,1.0,1.0,1.0,14.938939905166626,0.08043935334444627,0.7867346286773682,0.05232515494819877
RandomForest,copper,240,entropy,801,401,1.0,1.0,1.0,1.0,1.0,19.477510166168212,0.07721768018266464,0.902560806274414,0.04169031417685618
RandomForest,copper,240,entropy,801,501,1.0,1.0,1.0,1.0,1.0,24.46438570022583,0.33975678728935416,1.020396900177002,0.04869559241938204
RandomForest,copper,240,entropy,801,601,1.0,1.0,1.0,1.0,1.0,28.873898649215697,0.22398624121243646,1.1322481155395507,0.044652075139516
RandomForest,copper,240,entropy,801,701,1.0,1.0,1.0,1.0,1.0,33.985170459747316,0.4953807400126371,1.3011293888092041,0.07636716638621761
RandomForest,copper,240,entropy,801,801,1.0,1.0,1.0,1.0,1.0,39.24947109222412,0.3401657317002454,1.4083298683166503,0.05494865364038608
RandomForest,copper,240,entropy,801,901,1.0,1.0,1.0,1.0,1.0,44.06596193313599,0.3668498857235594,1.5497899532318116,0.10491025212916798
RandomForest,copper,240,entropy,901,1,1.0,1.0,1.0,1.0,1.0,0.284287691116333,0.01710252860580859,0.33987860679626464,0.015835011858029845
RandomForest,copper,240,entropy,901,101,1.0,1.0,1.0,1.0,1.0,5.216384744644165,0.11994079590480106,0.5068955898284913,0.07302247856023211
RandomForest,copper,240,entropy,901,201,1.0,1.0,1.0,1.0,1.0,9.975839614868164,0.1379142693221286,0.6038077354431153,0.028283276396701508
RandomForest,copper,240,entropy,901,301,1.0,1.0,1.0,1.0,1.0,14.914725255966186,0.1297425413724156,0.7251400470733642,0.024541788568883012
RandomForest,copper,240,entropy,901,401,1.0,1.0,1.0,1.0,1.0,19.940031433105467,0.26494003364316054,0.9145546436309815,0.08856254208622821
RandomForest,copper,240,entropy,901,501,1.0,1.0,1.0,1.0,1.0,24.583038997650146,0.3157678246845448,1.0354211330413818,0.06982469406448874
RandomForest,copper,240,entropy,901,601,1.0,1.0,1.0,1.0,1.0,29.051380443573,0.22542254887767485,1.141675853729248,0.08038810503505635
RandomForest,copper,240,entropy,901,701,1.0,1.0,1.0,1.0,1.0,33.91728591918945,0.4792431744384838,1.3314843654632569,0.09742396879835337
RandomForest,copper,240,entropy,901,801,1.0,1.0,1.0,1.0,1.0,39.94146542549133,0.22734555824568925,1.4420098781585693,0.07574547818293476
RandomForest,copper,240,entropy,901,901,1.0,1.0,1.0,1.0,1.0,43.83915996551514,0.31448483875684047,1.5713541984558106,0.08766705236423732
RandomForest,copper,240,log_loss,1,1,0.9748883928571429,0.9748883928571429,0.9748883928571429,0.9748883928571429,0.9856395200408476,0.2707129955291748,0.008658329329336781,0.34252333641052246,0.021943590758047037
RandomForest,copper,240,log_loss,1,101,1.0,1.0,1.0,1.0,1.0,4.84771580696106,0.0851122009169205,0.4551082611083984,0.029224808414768256
RandomForest,copper,240,log_loss,1,201,1.0,1.0,1.0,1.0,1.0,9.583749198913575,0.13242623950900936,0.5615831851959229,0.021014683981218425
RandomForest,copper,240,log_loss,1,301,1.0,1.0,1.0,1.0,1.0,13.902748537063598,0.2537041911889543,0.658024263381958,0.04273616424212238
RandomForest,copper,240,log_loss,1,401,1.0,1.0,1.0,1.0,1.0,18.517408990859984,0.2797490185396474,0.734791612625122,0.03500874033657805
RandomForest,copper,240,log_loss,1,501,1.0,1.0,1.0,1.0,1.0,22.79922823905945,0.3002182654025416,0.8769351005554199,0.038407075429050995
RandomForest,copper,240,log_loss,1,601,1.0,1.0,1.0,1.0,1.0,27.393766832351684,0.12833934888272636,0.9442127227783204,0.02728854523948734
RandomForest,copper,240,log_loss,1,701,1.0,1.0,1.0,1.0,1.0,31.93350429534912,0.24761003887309618,1.040387010574341,0.024167778682841257
RandomForest,copper,240,log_loss,1,801,1.0,1.0,1.0,1.0,1.0,36.835065841674805,0.3583356158570763,1.1745221138000488,0.06400918503409771
RandomForest,copper,240,log_loss,1,901,1.0,1.0,1.0,1.0,1.0,41.33113193511963,0.20980450025646896,1.2079920291900634,0.027160995135478833
RandomForest,copper,240,log_loss,101,1,1.0,1.0,1.0,1.0,1.0,0.27742800712585447,0.02390657063198416,0.34546804428100586,0.02683408067017203
RandomForest,copper,240,log_loss,101,101,1.0,1.0,1.0,1.0,1.0,5.201484680175781,0.10161097685683977,0.47629919052124026,0.025877992878188896
RandomForest,copper,240,log_loss,101,201,1.0,1.0,1.0,1.0,1.0,10.14985694885254,0.1285312697247546,0.6170868873596191,0.03730889953498935
RandomForest,copper,240,log_loss,101,301,1.0,1.0,1.0,1.0,1.0,14.939480352401734,0.20243751111561692,0.7807423114776612,0.055612290269693596
RandomForest,copper,240,log_loss,101,401,1.0,1.0,1.0,1.0,1.0,19.467450904846192,0.14454414618139752,0.8501913547515869,0.03626222913308487
RandomForest,copper,240,log_loss,101,501,1.0,1.0,1.0,1.0,1.0,24.175502586364747,0.2873308459869024,1.0419824123382568,0.043888277296057016
RandomForest,copper,240,log_loss,101,601,1.0,1.0,1.0,1.0,1.0,29.16019434928894,0.20873048659187532,1.1424850463867187,0.04402303482952819
RandomForest,copper,240,log_loss,101,701,1.0,1.0,1.0,1.0,1.0,33.94692964553833,0.3569120503838883,1.3256680488586425,0.07473422095014154
RandomForest,copper,240,log_loss,101,801,1.0,1.0,1.0,1.0,1.0,39.24991693496704,0.443270146124234,1.4236896514892579,0.062355159034703414
RandomForest,copper,240,log_loss,101,901,1.0,1.0,1.0,1.0,1.0,44.058257532119754,0.7191527079308029,1.5966983795166017,0.03985908390602938
RandomForest,copper,240,log_loss,201,1,1.0,1.0,1.0,1.0,1.0,0.28474884033203124,0.03789862811467528,0.33701391220092775,0.016603969737765678
RandomForest,copper,240,log_loss,201,101,1.0,1.0,1.0,1.0,1.0,5.173483419418335,0.149647538278178,0.49789867401123045,0.03938992801595888
RandomForest,copper,240,log_loss,201,201,1.0,1.0,1.0,1.0,1.0,10.091984748840332,0.16004454569514007,0.6084388732910156,0.03187226144802985
RandomForest,copper,240,log_loss,201,301,1.0,1.0,1.0,1.0,1.0,14.875082635879517,0.07012124723921773,0.7429831981658935,0.03121062516666878
RandomForest,copper,240,log_loss,201,401,1.0,1.0,1.0,1.0,1.0,19.439955854415892,0.11207758499603405,0.8386483192443848,0.029945346613206726
RandomForest,copper,240,log_loss,201,501,1.0,1.0,1.0,1.0,1.0,24.41289963722229,0.34118610529548626,1.0672931671142578,0.07414609807399584
RandomForest,copper,240,log_loss,201,601,1.0,1.0,1.0,1.0,1.0,29.517655897140504,0.3021722056069386,1.0891368389129639,0.016396385892844492
RandomForest,copper,240,log_loss,201,701,1.0,1.0,1.0,1.0,1.0,34.28434867858887,0.20661811203416905,1.272233819961548,0.08143414763033092
RandomForest,copper,240,log_loss,201,801,1.0,1.0,1.0,1.0,1.0,39.144471168518066,0.4713495803708701,1.4855879306793214,0.06629252947467774
RandomForest,copper,240,log_loss,201,901,1.0,1.0,1.0,1.0,1.0,44.416251468658444,0.2892917079182752,1.518505048751831,0.04309419632916588
RandomForest,copper,240,log_loss,301,1,1.0,1.0,1.0,1.0,1.0,0.2843926429748535,0.022415786734170138,0.34228177070617677,0.01881226428408896
RandomForest,copper,240,log_loss,301,101,1.0,1.0,1.0,1.0,1.0,5.081254768371582,0.10869623671514941,0.506670618057251,0.03796935432491913
RandomForest,copper,240,log_loss,301,201,1.0,1.0,1.0,1.0,1.0,10.03566346168518,0.15067318319180134,0.5936348915100098,0.016969676742636837
RandomForest,copper,240,log_loss,301,301,1.0,1.0,1.0,1.0,1.0,14.700134086608887,0.21579862922037815,0.7351655960083008,0.04876259497268342
RandomForest,copper,240,log_loss,301,401,1.0,1.0,1.0,1.0,1.0,19.495339107513427,0.15086505968210612,0.8294155597686768,0.059830740482859815
RandomForest,copper,240,log_loss,301,501,1.0,1.0,1.0,1.0,1.0,24.137012100219728,0.3176452939172824,1.018343734741211,0.02568053161777209
RandomForest,copper,240,log_loss,301,601,1.0,1.0,1.0,1.0,1.0,29.40251178741455,0.2852654507846037,1.203634548187256,0.053878481303640625
RandomForest,copper,240,log_loss,301,701,1.0,1.0,1.0,1.0,1.0,34.02537569999695,0.4115363944531231,1.3306844234466553,0.0872291626815637
RandomForest,copper,240,log_loss,301,801,1.0,1.0,1.0,1.0,1.0,38.99870414733887,0.5461839013006093,1.484694242477417,0.05474878646637317
RandomForest,copper,240,log_loss,301,901,1.0,1.0,1.0,1.0,1.0,44.24045128822327,0.33260278917374553,1.5855259418487548,0.11185782064429706
RandomForest,copper,240,log_loss,401,1,1.0,1.0,1.0,1.0,1.0,0.26154580116271975,0.020724295110962705,0.3499141216278076,0.01192385352824158
RandomForest,copper,240,log_loss,401,101,1.0,1.0,1.0,1.0,1.0,5.151618909835816,0.11284392146674112,0.5060792922973633,0.050603910284042174
RandomForest,copper,240,log_loss,401,201,1.0,1.0,1.0,1.0,1.0,10.055114269256592,0.213957885247353,0.5932407379150391,0.0350724547210917
RandomForest,copper,240,log_loss,401,301,1.0,1.0,1.0,1.0,1.0,14.90453381538391,0.26332743195085695,0.7524533271789551,0.0273047943827696
RandomForest,copper,240,log_loss,401,401,1.0,1.0,1.0,1.0,1.0,19.663425588607787,0.36483822990757697,0.8231873512268066,0.01748186957315917
RandomForest,copper,240,log_loss,401,501,1.0,1.0,1.0,1.0,1.0,24.48842148780823,0.25718807465418164,1.0299126148223876,0.053976397987689294
RandomForest,copper,240,log_loss,401,601,1.0,1.0,1.0,1.0,1.0,29.440777015686034,0.24639957147972072,1.1551222324371337,0.06808971285543176
RandomForest,copper,240,log_loss,401,701,1.0,1.0,1.0,1.0,1.0,34.25586671829224,0.4264291840358951,1.3201324939727783,0.02314148216007097
RandomForest,copper,240,log_loss,401,801,1.0,1.0,1.0,1.0,1.0,39.389718198776244,0.17218983599470117,1.483648681640625,0.07653243567377212
RandomForest,copper,240,log_loss,401,901,1.0,1.0,1.0,1.0,1.0,44.554831457138064,0.4381469354021,1.5761096000671386,0.07160159080458954
RandomForest,copper,240,log_loss,501,1,1.0,1.0,1.0,1.0,1.0,0.3016448974609375,0.04481196297917049,0.36465086936950686,0.040600448906004484
RandomForest,copper,240,log_loss,501,101,1.0,1.0,1.0,1.0,1.0,5.232883405685425,0.1102139995361308,0.47362842559814455,0.018608621219415724
RandomForest,copper,240,log_loss,501,201,1.0,1.0,1.0,1.0,1.0,10.01053876876831,0.13664841033856429,0.6300073146820069,0.039133246748436906
RandomForest,copper,240,log_loss,501,301,1.0,1.0,1.0,1.0,1.0,15.117542505264282,0.08301090088638814,0.7363504886627197,0.04075576988998084
RandomForest,copper,240,log_loss,501,401,1.0,1.0,1.0,1.0,1.0,19.705380725860596,0.31070970984073354,0.8401456356048584,0.042648117897251404
RandomForest,copper,240,log_loss,501,501,1.0,1.0,1.0,1.0,1.0,24.36942677497864,0.21994288443813195,1.0337994575500489,0.02113845628582542
RandomForest,copper,240,log_loss,501,601,1.0,1.0,1.0,1.0,1.0,29.077395629882812,0.3147605137868821,1.1455166339874268,0.04153328114872104
RandomForest,copper,240,log_loss,501,701,1.0,1.0,1.0,1.0,1.0,33.65986733436584,0.5520252852887426,1.3252267360687255,0.041460162272791014
RandomForest,copper,240,log_loss,501,801,1.0,1.0,1.0,1.0,1.0,39.45086622238159,0.4720504631439018,1.4123736381530763,0.07804614913313014
RandomForest,copper,240,log_loss,501,901,1.0,1.0,1.0,1.0,1.0,43.97808971405029,0.3363141585037322,1.6009907245635986,0.04242394390528294
RandomForest,copper,240,log_loss,601,1,1.0,1.0,1.0,1.0,1.0,0.2705986976623535,0.023140398554532447,0.34545125961303713,0.023263326709015174
RandomForest,copper,240,log_loss,601,101,1.0,1.0,1.0,1.0,1.0,5.192353343963623,0.07186032014710005,0.492940092086792,0.046140640979850024
RandomForest,copper,240,log_loss,601,201,1.0,1.0,1.0,1.0,1.0,10.174443674087524,0.14172684453589304,0.627601146697998,0.015512572507954073
RandomForest,copper,240,log_loss,601,301,1.0,1.0,1.0,1.0,1.0,14.939532661437989,0.16005481814209077,0.7539844512939453,0.041383684463831026
RandomForest,copper,240,log_loss,601,401,1.0,1.0,1.0,1.0,1.0,19.51893639564514,0.24805778009384324,0.9139280796051026,0.07793729277000352
RandomForest,copper,240,log_loss,601,501,1.0,1.0,1.0,1.0,1.0,24.585969638824462,0.4205294111842729,1.0082159042358398,0.0429565385562551
RandomForest,copper,240,log_loss,601,601,1.0,1.0,1.0,1.0,1.0,29.142158699035644,0.25202095577773276,1.1532745361328125,0.04089245084712404
RandomForest,copper,240,log_loss,601,701,1.0,1.0,1.0,1.0,1.0,34.32708487510681,0.307922656363418,1.3427523136138917,0.0679566234134589
RandomForest,copper,240,log_loss,601,801,1.0,1.0,1.0,1.0,1.0,39.52862200737,0.33811005499138114,1.4548026084899903,0.05821900870578261
RandomForest,copper,240,log_loss,601,901,1.0,1.0,1.0,1.0,1.0,44.08935098648071,0.2511137945111297,1.562382125854492,0.07480490242307478
RandomForest,copper,240,log_loss,701,1,1.0,1.0,1.0,1.0,1.0,0.2928778171539307,0.0359727157483175,0.35109496116638184,0.03509968079394048
RandomForest,copper,240,log_loss,701,101,1.0,1.0,1.0,1.0,1.0,5.167240142822266,0.08163607482039505,0.49507365226745603,0.017691369288298335
RandomForest,copper,240,log_loss,701,201,1.0,1.0,1.0,1.0,1.0,10.08797516822815,0.10755011320550253,0.622433090209961,0.04159489839208038
RandomForest,copper,240,log_loss,701,301,1.0,1.0,1.0,1.0,1.0,14.641753768920898,0.09244371586671907,0.7290346622467041,0.047091322132589555
RandomForest,copper,240,log_loss,701,401,1.0,1.0,1.0,1.0,1.0,19.670898580551146,0.26535991570208545,0.8468533515930176,0.036866831816600214
RandomForest,copper,240,log_loss,701,501,1.0,1.0,1.0,1.0,1.0,24.10499515533447,0.2902334469628726,1.0592041015625,0.06578520835880258
RandomForest,copper,240,log_loss,701,601,1.0,1.0,1.0,1.0,1.0,29.08564748764038,0.44112271641629214,1.1621825695037842,0.08548922598080076
RandomForest,copper,240,log_loss,701,701,1.0,1.0,1.0,1.0,1.0,34.13841209411621,0.41197036804881954,1.260776662826538,0.040964220991104465
RandomForest,copper,240,log_loss,701,801,1.0,1.0,1.0,1.0,1.0,38.983881902694705,0.2290397840831485,1.3789186477661133,0.04656119569222806
RandomForest,copper,240,log_loss,701,901,1.0,1.0,1.0,1.0,1.0,43.99099488258362,0.42891953752469875,1.525738000869751,0.0665392257772933
RandomForest,copper,240,log_loss,801,1,1.0,1.0,1.0,1.0,1.0,0.2712120532989502,0.020749944764575257,0.331651496887207,0.00928248003460087
RandomForest,copper,240,log_loss,801,101,1.0,1.0,1.0,1.0,1.0,5.14796257019043,0.08591162032796432,0.4733741283416748,0.024567711445154787
RandomForest,copper,240,log_loss,801,201,1.0,1.0,1.0,1.0,1.0,9.855854701995849,0.10413105349160084,0.61019926071167,0.041911435609325795
RandomForest,copper,240,log_loss,801,301,1.0,1.0,1.0,1.0,1.0,14.861713075637818,0.11636558176050506,0.7355064392089844,0.023462939128839372
RandomForest,copper,240,log_loss,801,401,1.0,1.0,1.0,1.0,1.0,19.589083194732666,0.20625493942886966,0.8507009506225586,0.036879759293560854
RandomForest,copper,240,log_loss,801,501,1.0,1.0,1.0,1.0,1.0,24.398473691940307,0.16386214631293392,1.0433731555938721,0.08955375017435438
RandomForest,copper,240,log_loss,801,601,1.0,1.0,1.0,1.0,1.0,28.975653553009032,0.09416350080264548,1.2064935684204101,0.04397514442790412
RandomForest,copper,240,log_loss,801,701,1.0,1.0,1.0,1.0,1.0,34.217998838424684,0.21727516273843703,1.340816593170166,0.08691993357276412
RandomForest,copper,240,log_loss,801,801,1.0,1.0,1.0,1.0,1.0,39.20074796676636,0.3264723248142075,1.4618432521820068,0.05576453805610416
RandomForest,copper,240,log_loss,801,901,1.0,1.0,1.0,1.0,1.0,43.93720893859863,0.44085316706311245,1.5841544151306153,0.04823486100169547
RandomForest,copper,240,log_loss,901,1,1.0,1.0,1.0,1.0,1.0,0.27306528091430665,0.016819116915806242,0.33420772552490235,0.014168137128954136
RandomForest,copper,240,log_loss,901,101,1.0,1.0,1.0,1.0,1.0,5.25945200920105,0.09867389318708003,0.503683614730835,0.044204810080920864
RandomForest,copper,240,log_loss,901,201,1.0,1.0,1.0,1.0,1.0,9.899375009536744,0.0677690242700328,0.6491640090942383,0.03808710451360305
RandomForest,copper,240,log_loss,901,301,1.0,1.0,1.0,1.0,1.0,14.84842553138733,0.30586289934792704,0.7602484703063965,0.0370673457509119
RandomForest,copper,240,log_loss,901,401,1.0,1.0,1.0,1.0,1.0,19.871038961410523,0.20587787619399286,0.8758228778839111,0.026832592912123497
RandomForest,copper,240,log_loss,901,501,1.0,1.0,1.0,1.0,1.0,24.490903663635255,0.2990170797963365,1.022108554840088,0.0783031301098618
RandomForest,copper,240,log_loss,901,601,1.0,1.0,1.0,1.0,1.0,29.102823734283447,0.3260141264383511,1.1777334213256836,0.042477921306998706
RandomForest,copper,240,log_loss,901,701,1.0,1.0,1.0,1.0,1.0,33.50835075378418,0.20217398009874152,1.0954556941986084,0.09487338057920276
RandomForest,copper,240,log_loss,901,801,1.0,1.0,1.0,1.0,1.0,34.61425681114197,1.498062538001529,0.7365074634552002,0.07109568190421478
RandomForest,copper,240,log_loss,901,901,1.0,1.0,1.0,1.0,1.0,32.001145696640016,1.4399378785149493,0.6729957580566406,0.03854335364449485
