model,material,numSamples,cache_size,degree,kernel,Accuracy,F1,Precision,Recall,mean_fit_time,std_fit_time,mean_score_time,std_score_time
SupportVectorMachine,iron,240,200,1,linear,0.8864929619646601,0.8864929619646601,0.8864929619646601,0.8864929619646601,315.93031907081604,10.68036721409264,73.22846918106079,4.672197867110877
SupportVectorMachine,iron,240,200,1,poly,0.8292003593890387,0.8292003593890387,0.8292003593890387,0.8292003593890387,487.36888127326966,9.387609899182513,91.16819338798523,4.544315397676515
SupportVectorMachine,iron,240,200,1,rbf,0.8423180592991913,0.8423180592991913,0.8423180592991913,0.8423180592991913,435.83570828437803,15.279150865856186,135.3788381099701,9.753723991111563
SupportVectorMachine,iron,240,200,1,sigmoid,0.70062893081761,0.70062893081761,0.70062893081761,0.70062893081761,900.4702366828918,29.412705995467324,125.3654679775238,8.72685170208438
SupportVectorMachine,iron,240,200,2,linear,0.8864929619646601,0.8864929619646601,0.8864929619646601,0.8864929619646601,304.4308145046234,5.431125209814448,71.43655490875244,1.5026911960657914
SupportVectorMachine,iron,240,200,2,poly,0.8474992512728361,0.8474992512728361,0.8474992512728361,0.8474992512728361,398.66903791427615,10.462008442703233,86.45411796569825,2.896153994019827
SupportVectorMachine,iron,240,200,2,rbf,0.8423180592991913,0.8423180592991913,0.8423180592991913,0.8423180592991913,426.74231524467467,14.901897578613514,257.31001262664796,105.45356762754722
SupportVectorMachine,iron,240,200,2,sigmoid,0.70062893081761,0.70062893081761,0.70062893081761,0.70062893081761,834.4624473571778,58.28300270173193,131.15317764282227,7.8281316225879145
SupportVectorMachine,iron,240,200,3,linear,0.8864929619646601,0.8864929619646601,0.8864929619646601,0.8864929619646601,275.18877625465393,25.297961333276213,63.1027907371521,3.536218870882039
SupportVectorMachine,iron,240,200,3,poly,0.8771787960467206,0.8771787960467206,0.8771787960467206,0.8771787960467206,310.7818467617035,17.353907116411396,75.80577068328857,3.817334788063846
SupportVectorMachine,iron,240,200,3,rbf,0.8423180592991913,0.8423180592991913,0.8423180592991913,0.8423180592991913,430.2476541996002,13.565304787673657,222.28315210342407,109.38113279308995
SupportVectorMachine,iron,240,200,3,sigmoid,0.70062893081761,0.70062893081761,0.70062893081761,0.70062893081761,877.2511895656586,23.436239862287078,128.58826475143434,5.87693586745286
SupportVectorMachine,iron,240,200,4,linear,0.8864929619646601,0.8864929619646601,0.8864929619646601,0.8864929619646601,286.2850070476532,8.897958348317196,62.26114830970764,3.7601179068029458
SupportVectorMachine,iron,240,200,4,poly,0.9088948787061994,0.9088948787061994,0.9088948787061994,0.9088948787061994,251.25149626731871,12.289427205196459,62.00115442276001,2.900129804360141
SupportVectorMachine,iron,240,200,4,rbf,0.8423180592991913,0.8423180592991913,0.8423180592991913,0.8423180592991913,412.1193363189697,26.16343458815509,180.76660981178284,92.89789235856574
SupportVectorMachine,iron,240,200,4,sigmoid,0.70062893081761,0.70062893081761,0.70062893081761,0.70062893081761,883.4430432796478,19.688933086919448,127.82687134742737,5.992851410206831
SupportVectorMachine,iron,240,200,5,linear,0.8864929619646601,0.8864929619646601,0.8864929619646601,0.8864929619646601,302.42812595367434,10.852731118264954,68.16019554138184,3.331113606374183
SupportVectorMachine,iron,240,200,5,poly,0.929290206648697,0.929290206648697,0.929290206648697,0.929290206648697,217.32651734352112,3.4316641272152717,55.07177219390869,1.8355550549068778
SupportVectorMachine,iron,240,200,5,rbf,0.8423180592991913,0.8423180592991913,0.8423180592991913,0.8423180592991913,413.38753719329833,10.227756178593133,175.3327428340912,82.92938265141538
SupportVectorMachine,iron,240,200,5,sigmoid,0.70062893081761,0.70062893081761,0.70062893081761,0.70062893081761,890.8942670345307,23.09346099777083,136.33346762657166,2.971011690221909
SupportVectorMachine,iron,240,400,1,linear,0.8864929619646601,0.8864929619646601,0.8864929619646601,0.8864929619646601,289.6071964263916,19.141902982716424,71.29182124137878,3.9469722006580152
SupportVectorMachine,iron,240,400,1,poly,0.8292003593890387,0.8292003593890387,0.8292003593890387,0.8292003593890387,469.56824707984924,21.710683599288874,95.95831627845764,1.8355537468936092
SupportVectorMachine,iron,240,400,1,rbf,0.8423180592991913,0.8423180592991913,0.8423180592991913,0.8423180592991913,427.76926403045655,9.549626415676055,193.5792856693268,81.10817680988825
SupportVectorMachine,iron,240,400,1,sigmoid,0.70062893081761,0.70062893081761,0.70062893081761,0.70062893081761,849.7398448467254,63.917587652493175,118.21112265586854,9.659604756397549
SupportVectorMachine,iron,240,400,2,linear,0.8864929619646601,0.8864929619646601,0.8864929619646601,0.8864929619646601,289.881494474411,22.690844529993814,72.25882620811463,3.536399173394582
SupportVectorMachine,iron,240,400,2,poly,0.8474992512728361,0.8474992512728361,0.8474992512728361,0.8474992512728361,384.2141692638397,19.049957955941263,84.2330551147461,3.815459057392588
SupportVectorMachine,iron,240,400,2,rbf,0.8423180592991913,0.8423180592991913,0.8423180592991913,0.8423180592991913,421.3008118629456,13.044677285620155,211.99615054130555,113.47289910704822
SupportVectorMachine,iron,240,400,2,sigmoid,0.70062893081761,0.70062893081761,0.70062893081761,0.70062893081761,880.7256214141846,14.59750040811032,126.75394592285156,5.839756004929307
SupportVectorMachine,iron,240,400,3,linear,0.8864929619646601,0.8864929619646601,0.8864929619646601,0.8864929619646601,283.49379720687864,6.494778656861263,70.1443799495697,2.3305092775575775
SupportVectorMachine,iron,240,400,3,poly,0.8771787960467206,0.8771787960467206,0.8771787960467206,0.8771787960467206,311.4189918994904,2.4960045206041297,73.778413438797,3.310377074201828
SupportVectorMachine,iron,240,400,3,rbf,0.8423180592991913,0.8423180592991913,0.8423180592991913,0.8423180592991913,426.1385344982147,13.125464133788597,226.08867554664613,109.01837674076909
SupportVectorMachine,iron,240,400,3,sigmoid,0.70062893081761,0.70062893081761,0.70062893081761,0.70062893081761,859.846452331543,37.47382055581824,129.9068190574646,5.347660012861326
SupportVectorMachine,iron,240,400,4,linear,0.8864929619646601,0.8864929619646601,0.8864929619646601,0.8864929619646601,286.37520079612733,20.080752839351643,65.52894396781922,3.8670296280110747
SupportVectorMachine,iron,240,400,4,poly,0.9088948787061994,0.9088948787061994,0.9088948787061994,0.9088948787061994,249.53916172981263,3.1220515843767096,64.13884634971619,3.047523080797044
SupportVectorMachine,iron,240,400,4,rbf,0.8423180592991913,0.8423180592991913,0.8423180592991913,0.8423180592991913,418.47247490882876,10.565677940197443,187.69129452705383,85.10536386571766
SupportVectorMachine,iron,240,400,4,sigmoid,0.70062893081761,0.70062893081761,0.70062893081761,0.70062893081761,885.9120472431183,35.10133531731582,127.16129159927368,7.959564040964605
SupportVectorMachine,iron,240,400,5,linear,0.8864929619646601,0.8864929619646601,0.8864929619646601,0.8864929619646601,284.79095396995547,13.099251572992877,65.51494646072388,4.21725820444734
SupportVectorMachine,iron,240,400,5,poly,0.929290206648697,0.929290206648697,0.929290206648697,0.929290206648697,216.28963675498963,15.791272561138554,58.009831714630124,2.934312465031653
SupportVectorMachine,iron,240,400,5,rbf,0.8423180592991913,0.8423180592991913,0.8423180592991913,0.8423180592991913,415.8406466960907,14.836336549448246,141.86708903312683,10.689842890062064
SupportVectorMachine,iron,240,400,5,sigmoid,0.70062893081761,0.70062893081761,0.70062893081761,0.70062893081761,878.8095484256744,29.64111604448498,135.172784948349,1.7141630362246925
SupportVectorMachine,iron,240,600,1,linear,0.8864929619646601,0.8864929619646601,0.8864929619646601,0.8864929619646601,309.08596901893617,10.750393485966928,71.81962666511535,2.8918332349926095
SupportVectorMachine,iron,240,600,1,poly,0.8292003593890387,0.8292003593890387,0.8292003593890387,0.8292003593890387,483.49921469688417,14.660031751784926,98.4137023448944,2.9687907084100624
SupportVectorMachine,iron,240,600,1,rbf,0.8423180592991913,0.8423180592991913,0.8423180592991913,0.8423180592991913,425.67158617973325,22.18076612310815,147.22993636131287,8.89042160314245
SupportVectorMachine,iron,240,600,1,sigmoid,0.70062893081761,0.70062893081761,0.70062893081761,0.70062893081761,880.0620474815369,37.31016275360508,124.56671075820923,8.067602302499832
SupportVectorMachine,iron,240,600,2,linear,0.8864929619646601,0.8864929619646601,0.8864929619646601,0.8864929619646601,298.9209032535553,17.64227443627202,72.42021412849427,2.1122837066586793
SupportVectorMachine,iron,240,600,2,poly,0.8474992512728361,0.8474992512728361,0.8474992512728361,0.8474992512728361,387.29529252052305,14.828791925069396,84.46210918426513,2.8206550701760085
SupportVectorMachine,iron,240,600,2,rbf,0.8423180592991913,0.8423180592991913,0.8423180592991913,0.8423180592991913,430.5904119491577,15.568813832345457,133.03090195655824,6.675502178942478
SupportVectorMachine,iron,240,600,2,sigmoid,0.70062893081761,0.70062893081761,0.70062893081761,0.70062893081761,904.0746304988861,14.803980731947648,130.3148012161255,9.958022276504567
SupportVectorMachine,iron,240,600,3,linear,0.8864929619646601,0.8864929619646601,0.8864929619646601,0.8864929619646601,305.1776563167572,4.470688676136692,72.83080081939697,2.1728925483047807
SupportVectorMachine,iron,240,600,3,poly,0.8771787960467206,0.8771787960467206,0.8771787960467206,0.8771787960467206,328.43820395469663,6.273818018736711,77.05339579582214,1.8123926241522264
SupportVectorMachine,iron,240,600,3,rbf,0.8423180592991913,0.8423180592991913,0.8423180592991913,0.8423180592991913,422.8653648853302,9.518343614779774,190.1076925754547,91.7441360887919
SupportVectorMachine,iron,240,600,3,sigmoid,0.70062893081761,0.70062893081761,0.70062893081761,0.70062893081761,853.4669025421142,19.55552429858864,133.8406111717224,3.667933324657493
SupportVectorMachine,iron,240,600,4,linear,0.8864929619646601,0.8864929619646601,0.8864929619646601,0.8864929619646601,304.16958804130553,6.709040176802686,66.15372018814087,3.0721178283432264
SupportVectorMachine,iron,240,600,4,poly,0.9088948787061994,0.9088948787061994,0.9088948787061994,0.9088948787061994,258.9395356655121,4.481645497721507,63.82497181892395,2.617593203081018
SupportVectorMachine,iron,240,600,4,rbf,0.8423180592991913,0.8423180592991913,0.8423180592991913,0.8423180592991913,432.86222596168517,3.6796351029860648,123.55697226524353,5.859211530735247
SupportVectorMachine,iron,240,600,4,sigmoid,0.70062893081761,0.70062893081761,0.70062893081761,0.70062893081761,901.2737679958343,11.774323808053136,129.59550371170045,2.030825343842628
SupportVectorMachine,iron,240,600,5,linear,0.8864929619646601,0.8864929619646601,0.8864929619646601,0.8864929619646601,304.4681706428528,4.577931441475976,70.78957715034485,2.7636752373823796
SupportVectorMachine,iron,240,600,5,poly,0.929290206648697,0.929290206648697,0.929290206648697,0.929290206648697,232.7262174606323,6.652671847012573,59.372965288162234,1.5749573873568952
SupportVectorMachine,iron,240,600,5,rbf,0.8423180592991913,0.8423180592991913,0.8423180592991913,0.8423180592991913,419.6778817176819,10.296051394964143,177.24797344207764,80.55683753466387
SupportVectorMachine,iron,240,600,5,sigmoid,0.70062893081761,0.70062893081761,0.70062893081761,0.70062893081761,884.9817347049714,54.35639753087547,135.60159235000611,5.624978058915905
SupportVectorMachine,iron,240,800,1,linear,0.8864929619646601,0.8864929619646601,0.8864929619646601,0.8864929619646601,294.28748693466184,21.356631740984366,69.75151267051697,4.409961498349428
SupportVectorMachine,iron,240,800,1,poly,0.8292003593890387,0.8292003593890387,0.8292003593890387,0.8292003593890387,480.67541856765746,22.477161284112942,95.71214632987976,8.263880322741866
SupportVectorMachine,iron,240,800,1,rbf,0.8423180592991913,0.8423180592991913,0.8423180592991913,0.8423180592991913,413.40002608299255,19.025126480833872,181.50981917381287,88.14801704217669
SupportVectorMachine,iron,240,800,1,sigmoid,0.70062893081761,0.70062893081761,0.70062893081761,0.70062893081761,876.9277300357819,51.52127408922012,124.41538262367249,5.290384454297057
SupportVectorMachine,iron,240,800,2,linear,0.8864929619646601,0.8864929619646601,0.8864929619646601,0.8864929619646601,295.45798029899595,24.89552500435271,69.23221478462219,5.383375801991005
SupportVectorMachine,iron,240,800,2,poly,0.8474992512728361,0.8474992512728361,0.8474992512728361,0.8474992512728361,381.2696478843689,19.4421351374701,85.57838444709778,2.5605362913328076
SupportVectorMachine,iron,240,800,2,rbf,0.8423180592991913,0.8423180592991913,0.8423180592991913,0.8423180592991913,423.05350160598755,24.585776877136116,133.6314905166626,4.872483865444043
SupportVectorMachine,iron,240,800,2,sigmoid,0.70062893081761,0.70062893081761,0.70062893081761,0.70062893081761,898.5394612789154,15.404826092137682,130.0646312236786,1.6472110087195166
SupportVectorMachine,iron,240,800,3,linear,0.8864929619646601,0.8864929619646601,0.8864929619646601,0.8864929619646601,301.1049908638,7.680854838268169,70.7115309715271,1.0008481315417548
SupportVectorMachine,iron,240,800,3,poly,0.8771787960467206,0.8771787960467206,0.8771787960467206,0.8771787960467206,328.2155879974365,7.140988403931945,73.78693222999573,1.1065944776461476
SupportVectorMachine,iron,240,800,3,rbf,0.8423180592991913,0.8423180592991913,0.8423180592991913,0.8423180592991913,430.65290117263794,15.185132499812564,184.72593154907227,93.86980862127622
SupportVectorMachine,iron,240,800,3,sigmoid,0.70062893081761,0.70062893081761,0.70062893081761,0.70062893081761,877.4461588859558,12.87119374641557,127.86074318885804,6.435389534028736
SupportVectorMachine,iron,240,800,4,linear,0.8864929619646601,0.8864929619646601,0.8864929619646601,0.8864929619646601,289.2237129688263,7.960611140232331,66.67032856941223,2.3881750290498918
SupportVectorMachine,iron,240,800,4,poly,0.9088948787061994,0.9088948787061994,0.9088948787061994,0.9088948787061994,263.7071876525879,7.9965579743377235,64.54295225143433,2.0069753485404673
SupportVectorMachine,iron,240,800,4,rbf,0.8423180592991913,0.8423180592991913,0.8423180592991913,0.8423180592991913,420.45875973701476,15.26934369589606,180.3026137828827,85.9339250734663
SupportVectorMachine,iron,240,800,4,sigmoid,0.70062893081761,0.70062893081761,0.70062893081761,0.70062893081761,878.608753490448,40.646645231810176,126.27782196998596,7.046812064635415
SupportVectorMachine,iron,240,800,5,linear,0.8864929619646601,0.8864929619646601,0.8864929619646601,0.8864929619646601,278.8009472370148,16.328607366837552,67.71821665763855,3.1445760485228313
SupportVectorMachine,iron,240,800,5,poly,0.929290206648697,0.929290206648697,0.929290206648697,0.929290206648697,232.4873134613037,6.19713415524703,59.320892572402954,2.0041215888647
SupportVectorMachine,iron,240,800,5,rbf,0.8423180592991913,0.8423180592991913,0.8423180592991913,0.8423180592991913,416.39058055877683,10.867124746659707,203.92852492332457,92.46857921664514
SupportVectorMachine,iron,240,800,5,sigmoid,0.70062893081761,0.70062893081761,0.70062893081761,0.70062893081761,874.7404233932496,62.89327409811605,136.61564741134643,5.089160812759817
SupportVectorMachine,iron,240,1000,1,linear,0.8864929619646601,0.8864929619646601,0.8864929619646601,0.8864929619646601,284.3167390346527,36.13594874713574,68.76142358779907,4.73516805600978
SupportVectorMachine,iron,240,1000,1,poly,0.8292003593890387,0.8292003593890387,0.8292003593890387,0.8292003593890387,474.9131090641022,29.831802575276257,95.50029702186585,2.0617332012712213
SupportVectorMachine,iron,240,1000,1,rbf,0.8423180592991913,0.8423180592991913,0.8423180592991913,0.8423180592991913,417.99180111885073,10.482588865542194,212.00472540855407,100.47684727355382
SupportVectorMachine,iron,240,1000,1,sigmoid,0.70062893081761,0.70062893081761,0.70062893081761,0.70062893081761,853.8672845363617,65.34158787843859,121.71454949378968,8.366028367985061
SupportVectorMachine,iron,240,1000,2,linear,0.8864929619646601,0.8864929619646601,0.8864929619646601,0.8864929619646601,299.0659918785095,27.333821177280186,70.73551301956176,7.211371406984003
SupportVectorMachine,iron,240,1000,2,poly,0.8474992512728361,0.8474992512728361,0.8474992512728361,0.8474992512728361,363.94170508384707,35.20974668423812,84.20578942298889,2.5884456550114696
SupportVectorMachine,iron,240,1000,2,rbf,0.8423180592991913,0.8423180592991913,0.8423180592991913,0.8423180592991913,420.7380822181702,19.04237714967403,222.8572880268097,100.26717623316826
SupportVectorMachine,iron,240,1000,2,sigmoid,0.70062893081761,0.70062893081761,0.70062893081761,0.70062893081761,850.7354416370392,60.7018598009704,124.43109803199768,14.513604706040468
SupportVectorMachine,iron,240,1000,3,linear,0.8864929619646601,0.8864929619646601,0.8864929619646601,0.8864929619646601,271.56405267715456,17.417089210074597,68.44386010169983,7.139523344465919
SupportVectorMachine,iron,240,1000,3,poly,0.8771787960467206,0.8771787960467206,0.8771787960467206,0.8771787960467206,329.03508696556094,10.841339121452938,77.74441409111023,1.1848353677513985
SupportVectorMachine,iron,240,1000,3,rbf,0.8423180592991913,0.8423180592991913,0.8423180592991913,0.8423180592991913,428.2300851345062,13.07971381029608,222.6932014942169,110.72922232939608
SupportVectorMachine,iron,240,1000,3,sigmoid,0.70062893081761,0.70062893081761,0.70062893081761,0.70062893081761,866.4257105350495,20.0441922267748,122.74369311332703,6.797914733491676
SupportVectorMachine,iron,240,1000,4,linear,0.8864929619646601,0.8864929619646601,0.8864929619646601,0.8864929619646601,278.21719484329225,8.718745902659494,62.9325168132782,1.6719935132949306
SupportVectorMachine,iron,240,1000,4,poly,0.9088948787061994,0.9088948787061994,0.9088948787061994,0.9088948787061994,257.90020847320557,13.629763841450833,65.98140659332276,3.0898784289538916
SupportVectorMachine,iron,240,1000,4,rbf,0.8423180592991913,0.8423180592991913,0.8423180592991913,0.8423180592991913,411.04511203765867,14.753969034214572,263.3347062587738,105.77878476062659
SupportVectorMachine,iron,240,1000,4,sigmoid,0.70062893081761,0.70062893081761,0.70062893081761,0.70062893081761,822.9842262268066,43.28471820319084,109.78402643203735,11.789493389874563
SupportVectorMachine,iron,240,1000,5,linear,0.8864929619646601,0.8864929619646601,0.8864929619646601,0.8864929619646601,277.7422381401062,21.24681983053907,63.03069310188293,5.569847800799213
SupportVectorMachine,iron,240,1000,5,poly,0.929290206648697,0.929290206648697,0.929290206648697,0.929290206648697,214.8649573802948,6.262610135899891,56.796402549743654,2.2715274637251746
SupportVectorMachine,iron,240,1000,5,rbf,0.8423180592991913,0.8423180592991913,0.8423180592991913,0.8423180592991913,363.3572011470795,16.681583165209187,109.50343832969665,60.877979931804504
SupportVectorMachine,iron,240,1000,5,sigmoid,0.70062893081761,0.70062893081761,0.70062893081761,0.70062893081761,492.50416855812074,13.70815395477429,36.60200171470642,2.2960957188330013
