Model Name,Learning Rate,Down Scale Factor,Max Epoch,Batch Size,Noise,Epoch,BCE Loss,BCELogits Loss,CE Loss,MSE Loss,L1 Loss,Img ID
VariationalAutoencoder,0.0001,32.0,100.0,45.0,0.0,0.0,2.696820406044054,0.4045512353849111,0.0,0.0765650474565958,0.0988844230583628,KEGMTlkhKi
VariationalAutoencoder,0.0001,32.0,100.0,45.0,False,1.0,5.118548649661946,0.4041738457649759,0.0,0.0786788461249579,0.0940678019381169,KEGMTlkhKi
VariationalAutoencoder,0.0001,32.0,100.0,45.0,False,2.0,5.715346546293055,0.4048384621083361,0.0,0.078947734486007,0.0957499966025352,KEGMTlkhKi
VariationalAutoencoder,0.0001,32.0,100.0,45.0,False,3.0,7.528855563709571,0.4040198670993061,0.0,0.080224400210493,0.0918454183909878,KEGMTlkhKi
VariationalAutoencoder,0.0001,32.0,100.0,45.0,False,4.0,7.624099428548753,0.4038938788123101,0.0,0.0801473578098435,0.0914423302190858,KEGMTlkhKi
VariationalAutoencoder,0.0001,32.0,100.0,45.0,False,5.0,7.676612719049993,0.4039008977278223,0.0,0.0801000335728222,0.0915069520567198,KEGMTlkhKi
VariationalAutoencoder,0.0001,32.0,100.0,45.0,False,6.0,7.878336543557029,0.4039305967729796,0.0,0.0802069003430177,0.0914715968494145,KEGMTlkhKi
VariationalAutoencoder,0.0001,32.0,100.0,45.0,False,7.0,8.228214020998973,0.4039319532472382,0.0,0.0803731689522476,0.0912947033373814,KEGMTlkhKi
VariationalAutoencoder,0.0001,32.0,100.0,45.0,False,8.0,8.448908520944464,0.4038969274586851,0.0,0.0804740351466637,0.0910656246467956,KEGMTlkhKi
VariationalAutoencoder,0.0001,32.0,100.0,45.0,False,9.0,8.532781783889675,0.4039235829182391,0.0,0.0804859652599823,0.0911246712477702,KEGMTlkhKi
VariationalAutoencoder,0.0001,32.0,100.0,45.0,False,10.0,8.349155333057139,0.4040018578745284,0.0,0.0803703124511916,0.0915272142620956,KEGMTlkhKi
VariationalAutoencoder,0.0001,32.0,100.0,45.0,False,0.0,1.7293881380333092,0.405075045314225,0.0,0.0757748796223844,0.0975498892132591,QSfWgLBmEi
VariationalAutoencoder,0.0001,32.0,100.0,45.0,False,1.0,4.287036574861538,0.4041392358968843,0.0,0.0782065549923938,0.0950955813692051,QSfWgLBmEi
VariationalAutoencoder,0.0001,32.0,100.0,45.0,False,2.0,6.378592302214424,0.4044095227178537,0.0,0.0794501215828664,0.094063234966506,QSfWgLBmEi
VariationalAutoencoder,0.0001,32.0,100.0,45.0,False,3.0,5.032709369119608,0.4028218060544452,0.0,0.0744430084929526,0.0928737628010084,QSfWgLBmEi
VariationalAutoencoder,0.0001,32.0,100.0,45.0,False,4.0,4.042827609200148,0.3988281938264955,0.0,0.0646400373639925,0.0907435599456793,QSfWgLBmEi
VariationalAutoencoder,0.0001,32.0,100.0,45.0,False,5.0,7.53258742026563,0.4019215656151562,0.0,0.0751593005638452,0.0891999701190294,QSfWgLBmEi
VariationalAutoencoder,0.0001,32.0,100.0,45.0,False,6.0,6.777212301890056,0.4025165532370033,0.0,0.0742696220722963,0.0928070993637139,QSfWgLBmEi
VariationalAutoencoder,0.0001,32.0,100.0,45.0,False,7.0,6.42962161549982,0.3998126190788341,0.0,0.0694089104544441,0.0877554260147442,QSfWgLBmEi
VariationalAutoencoder,0.0001,32.0,100.0,45.0,False,8.0,2.585495522936935,0.4012878424716445,0.0,0.0626527706641446,0.1042140129977052,QSfWgLBmEi
VariationalAutoencoder,0.0001,32.0,100.0,45.0,False,9.0,8.438058220365512,0.4041960327505315,0.0,0.0803290242856403,0.0923243836505608,QSfWgLBmEi
VariationalAutoencoder,0.0001,32.0,100.0,45.0,False,0.0,9.057773812012105,0.4038394588344502,0.0,0.0806777798717127,0.0905777638157208,GRHkBcJKvY
VariationalAutoencoder,0.0001,32.0,100.0,45.0,False,1.0,2.6268804688123786,0.4091437627684395,0.0,0.0803507372924366,0.1089213404265589,GRHkBcJKvY
VariationalAutoencoder,0.0001,32.0,100.0,45.0,False,2.0,4.382719506257735,0.4042709421061869,0.0,0.0786522778934277,0.0949106807791212,GRHkBcJKvY
VariationalAutoencoder,0.0001,32.0,100.0,45.0,False,3.0,7.718109013899317,0.4040539759509968,0.0,0.0805968962750345,0.0921677445653099,GRHkBcJKvY
VariationalAutoencoder,0.0001,32.0,100.0,45.0,False,4.0,8.828599608919156,0.4038766839969083,0.0,0.0806671742045279,0.090789572716509,GRHkBcJKvY
VariationalAutoencoder,0.0001,32.0,100.0,45.0,False,5.0,8.963871598993457,0.4038602186823791,0.0,0.0807149159317871,0.0907121406130071,GRHkBcJKvY
VariationalAutoencoder,0.0001,32.0,100.0,45.0,False,6.0,8.974850894520118,0.4038851321118433,0.0,0.0808376127725127,0.0908345983556981,GRHkBcJKvY
VariationalAutoencoder,0.0001,32.0,100.0,45.0,False,7.0,8.941160043080648,0.4041058184965601,0.0,0.0814959016517273,0.0915674753721405,GRHkBcJKvY
VariationalAutoencoder,0.0001,32.0,100.0,45.0,False,8.0,8.887931268919939,0.4040833151190536,0.0,0.0815781418632411,0.0916215605424635,GRHkBcJKvY
VariationalAutoencoder,0.0001,32.0,100.0,45.0,False,0.0,1.5804961215025224,0.3999697895919751,0.0,0.0646389108034049,0.0916400676440892,RRLaMWuyiN
VariationalAutoencoder,0.0001,32.0,100.0,45.0,False,1.0,2.515887273182659,0.4006703585948584,0.0,0.0633529985569558,0.0992534309157035,RRLaMWuyiN
VariationalAutoencoder,0.0001,32.0,100.0,45.0,False,2.0,2.693713923670211,0.4013578215110226,0.0,0.0625394309794752,0.1006083977203699,RRLaMWuyiN
VariationalAutoencoder,0.0001,32.0,100.0,45.0,False,3.0,2.844598667426679,0.4000051450804344,0.0,0.0614971207841387,0.0980292969154861,RRLaMWuyiN
VariationalAutoencoder,0.0001,32.0,100.0,45.0,False,0.0,0.2649225141829665,0.41726737127364055,0.0,0.06427588737891905,0.14833218140422172,jVrAyBxsUz
VariationalAutoencoder,0.0001,32.0,100.0,45.0,False,1.0,0.2478749119448212,0.4119918721277009,0.0,0.05985560240048283,0.13215274640224264,jVrAyBxsUz
VariationalAutoencoder,0.0001,32.0,100.0,45.0,False,2.0,0.23721884200408025,0.40726398671947933,0.0,0.056972453499552586,0.11838210472520792,jVrAyBxsUz
VariationalAutoencoder,0.0001,32.0,100.0,45.0,False,3.0,0.21956563127115838,0.40342110770303496,0.0,0.05149360757859998,0.11095789679378834,jVrAyBxsUz
VariationalAutoencoder,0.0001,32.0,100.0,45.0,False,4.0,0.19894409470213284,0.3976098628913831,0.0,0.04495619495147429,0.09909316100789316,jVrAyBxsUz
VariationalAutoencoder,0.0001,32.0,100.0,45.0,False,5.0,0.1902218718761168,0.3940223712216383,0.0,0.04234806881666933,0.09096626150158216,jVrAyBxsUz
VariationalAutoencoder,0.0001,32.0,100.0,45.0,False,6.0,0.18828385562266944,0.39271525579428523,0.0,0.04163252135867593,0.0866657497373017,jVrAyBxsUz
VariationalAutoencoder,0.0001,32.0,100.0,45.0,False,7.0,0.1867382601372101,0.39179379647632817,0.0,0.04088116259132541,0.08441790811858087,jVrAyBxsUz
VariationalAutoencoder,0.0001,32.0,100.0,45.0,False,8.0,0.1860283853123023,0.3917150527426282,0.0,0.04070730727611098,0.0859656163825179,jVrAyBxsUz
VariationalAutoencoder,0.0001,32.0,100.0,45.0,False,9.0,0.18586511628807717,0.39148778379338345,0.0,0.040637438167940895,0.08521619031451783,jVrAyBxsUz
VariationalAutoencoder,0.0001,32.0,100.0,45.0,False,10.0,0.18401862549706824,0.3908506123899664,0.0,0.03995679824982049,0.08383628332389975,jVrAyBxsUz
VariationalAutoencoder,0.0001,32.0,100.0,45.0,False,11.0,0.18301026757408237,0.39045353711776015,0.0,0.039524516149324444,0.08179896034347187,jVrAyBxsUz
VariationalAutoencoder,0.0001,32.0,100.0,45.0,False,12.0,0.18334040130084417,0.3904459375255513,0.0,0.03954177695390938,0.08182231903825916,jVrAyBxsUz
VariationalAutoencoder,0.0001,32.0,100.0,45.0,False,13.0,0.1823503539059897,0.3901623213815989,0.0,0.039116452934232146,0.0803781934785393,jVrAyBxsUz
VariationalAutoencoder,0.0001,32.0,100.0,45.0,False,14.0,0.1812947853556219,0.3897614119187841,0.0,0.038722176385937994,0.07990758228789335,jVrAyBxsUz
VariationalAutoencoder,0.0001,32.0,100.0,45.0,False,15.0,0.18326312818992063,0.3900813835222016,0.0,0.0393316581634418,0.07985327781746222,jVrAyBxsUz
VariationalAutoencoder,0.0001,32.0,100.0,45.0,False,16.0,0.18280772958536567,0.3900958646393422,0.0,0.039276290099200965,0.08023009416442248,jVrAyBxsUz
VariationalAutoencoder,0.0001,32.0,100.0,45.0,False,17.0,0.1809470825975046,0.389738603582922,0.0,0.03871211694237196,0.08001492744159398,jVrAyBxsUz
VariationalAutoencoder,0.0001,32.0,100.0,45.0,False,18.0,0.17993076192507954,0.38944685871496143,0.0,0.03830550821884623,0.07959235736034201,jVrAyBxsUz
VariationalAutoencoder,0.0001,32.0,100.0,45.0,False,19.0,0.18014380616961784,0.38937441957821634,0.0,0.038512073972690034,0.07965561002492905,jVrAyBxsUz
